dataset,label,obj_id,n_points
NYC,NYC,4216956,910
NYC,NYC,4272243,646
NYC,NYC,4344977,1187
NYC,NYC,4350946,690
NYC,NYC,4351935,775
NYC,NYC,4352377,716
NYC,NYC,4358853,666
NYC,NYC,4359232,681
NYC,NYC,4370045,720
NYC,NYC,4389353,650
NYC,NYC,4389414,645
NYC,NYC,4392729,652
NYC,NYC,4393045,936
NYC,NYC,4440451,657
NYC,NYC,4443744,710
NYC,NYC,4448887,666
NYC,NYC,4469551,670
NYC,NYC,4472905,816
NYC,NYC,4473229,673
NYC,NYC,4481970,642
NYC,NYC,4482888,647
NYC,NYC,4487550,653
NYC,NYC,4487946,710
NYC,NYC,4504164,649
NYC,NYC,4527487,671
NYC,NYC,4544584,672
NYC,NYC,4547202,696
NYC,NYC,4559519,991
NYC,NYC,4575701,700
NYC,NYC,4579744,678
NYC,NYC,4605892,678
NYC,NYC,4668185,641
NYC,NYC,4705097,659
NYC,NYC,4724133,650
NYC,NYC,4749525,805
NYC,NYC,4754626,1144
NYC,NYC,4754956,647
NYC,NYC,4775763,718
NYC,NYC,4785421,773
NYC,NYC,4789937,678
NYC,NYC,4792515,705
NYC,NYC,4811115,643
NYC,NYC,4824328,688
NYC,NYC,4861227,710
NYC,NYC,4861687,746
NYC,NYC,4862222,670
NYC,NYC,4862380,660
NYC,NYC,4865550,642
NYC,NYC,4865558,649
NYC,NYC,4912927,674
NYC,NYC,4915833,675
NYC,NYC,4940890,683
NYC,NYC,5244934,656
NYC,NYC,5351422,654
NYC,NYC,5477477,678
NYC,NYC,5499001,670
NYC,NYC,5503058,916
NYC,NYC,5503168,695
NYC,NYC,5503359,716
NYC,NYC,5540718,663
NYC,NYC,5540722,691
NYC,NYC,5540733,641
NYC,NYC,5540847,869
NYC,NYC,5547018,649
NYC,NYC,5565253,670
NYC,NYC,5615881,1051
NYC,NYC,5615968,642
NYC,NYC,5615986,685
NYC,NYC,5615988,671
NYC,NYC,5616015,657
NYC,NYC,5633515,663
NYC,NYC,5692189,1527
NYC,NYC,5705278,643
NYC,NYC,5705752,682
NYC,NYC,5706077,656
NYC,NYC,5706137,737
NYC,NYC,5715345,923
NYC,NYC,5771585,720
NYC,NYC,5771621,675
NYC,NYC,5772092,729
NYC,NYC,5772102,725
NYC,NYC,5772192,706
NYC,NYC,5874746,729
NYC,NYC,5874767,1278
NYC,NYC,5874769,649
NYC,NYC,5874787,1064
NYC,NYC,5875173,712
NYC,NYC,5882173,665
NYC,NYC,5969330,721
NYC,NYC,5969331,706
NYC,NYC,5969362,672
NYC,NYC,6058407,696
NYC,NYC,6062407,666
NYC,NYC,6109129,721
NYC,NYC,6148097,725
NYC,NYC,6148143,677
NYC,NYC,6148208,646
NYC,NYC,6190357,710
NYC,NYC,6193396,658
NYC,NYC,6193436,666
NYC,NYC,4209291,641
NYC,NYC,4211305,644
NYC,NYC,4211307,645
NYC,NYC,4216938,667
NYC,NYC,4243685,714
NYC,NYC,4263246,643
NYC,NYC,4286152,715
NYC,NYC,4304279,650
NYC,NYC,4335161,792
NYC,NYC,4335315,736
NYC,NYC,4341081,672
NYC,NYC,4341209,767
NYC,NYC,4341220,725
NYC,NYC,4341351,655
NYC,NYC,4341375,693
NYC,NYC,4341406,643
NYC,NYC,4341425,662
NYC,NYC,4344793,647
NYC,NYC,4344893,642
NYC,NYC,4344935,739
NYC,NYC,4344955,755
NYC,NYC,4345013,649
NYC,NYC,4345080,680
NYC,NYC,4345140,664
NYC,NYC,4351955,781
NYC,NYC,4352180,712
NYC,NYC,4352347,689
NYC,NYC,4352426,1020
NYC,NYC,4355889,708
NYC,NYC,4355926,860
NYC,NYC,4358795,858
NYC,NYC,4358825,719
NYC,NYC,4359288,660
NYC,NYC,4359354,784
NYC,NYC,4362029,825
NYC,NYC,4362094,654
NYC,NYC,4362107,671
NYC,NYC,4362139,683
NYC,NYC,4362202,819
NYC,NYC,4362216,777
NYC,NYC,4362386,787
NYC,NYC,4362400,650
NYC,NYC,4362444,994
NYC,NYC,4362461,645
NYC,NYC,4362700,801
NYC,NYC,4366443,650
NYC,NYC,4366489,642
NYC,NYC,4366521,668
NYC,NYC,4366564,703
NYC,NYC,4369900,643
NYC,NYC,4369923,707
NYC,NYC,4370083,669
NYC,NYC,4370323,656
NYC,NYC,4370362,654
NYC,NYC,4370432,784
NYC,NYC,4370523,860
NYC,NYC,4373823,888
NYC,NYC,4374063,660
NYC,NYC,4374080,657
NYC,NYC,4374095,643
NYC,NYC,4374107,796
NYC,NYC,4382817,697
NYC,NYC,4382922,684
NYC,NYC,4382937,771
NYC,NYC,4383124,662
NYC,NYC,4383158,685
NYC,NYC,4383329,653
NYC,NYC,4383342,653
NYC,NYC,4385658,776
NYC,NYC,4385986,641
NYC,NYC,4386058,708
NYC,NYC,4386240,685
NYC,NYC,4386413,742
NYC,NYC,4388991,665
NYC,NYC,4389009,687
NYC,NYC,4389108,848
NYC,NYC,4389118,669
NYC,NYC,4389123,649
NYC,NYC,4389216,650
NYC,NYC,4392681,702
NYC,NYC,4392712,646
NYC,NYC,4392757,662
NYC,NYC,4392777,802
NYC,NYC,4392824,806
NYC,NYC,4393320,650
NYC,NYC,4396675,670
NYC,NYC,4396939,686
NYC,NYC,4397109,673
NYC,NYC,4397180,739
NYC,NYC,4397440,669
NYC,NYC,4418733,750
NYC,NYC,4419954,642
NYC,NYC,4420056,645
NYC,NYC,4420172,643
NYC,NYC,4423483,712
NYC,NYC,4423505,691
NYC,NYC,4423540,693
NYC,NYC,4423597,709
NYC,NYC,4423641,669
NYC,NYC,4423695,833
NYC,NYC,4423745,693
NYC,NYC,4423786,694
NYC,NYC,4423821,642
NYC,NYC,4431743,669
NYC,NYC,4438795,649
NYC,NYC,4439992,653
NYC,NYC,4440173,714
NYC,NYC,4440231,675
NYC,NYC,4440290,906
NYC,NYC,4440327,684
NYC,NYC,4440353,650
NYC,NYC,4443592,809
NYC,NYC,4443595,649
NYC,NYC,4443770,750
NYC,NYC,4443813,802
NYC,NYC,4443886,655
NYC,NYC,4444391,716
NYC,NYC,4446839,644
NYC,NYC,4446891,667
NYC,NYC,4447018,1420
NYC,NYC,4447212,651
NYC,NYC,4447314,698
NYC,NYC,4447417,644
NYC,NYC,4454498,678
NYC,NYC,4454546,709
NYC,NYC,4455742,683
NYC,NYC,4455775,653
NYC,NYC,4455800,672
NYC,NYC,4455833,647
NYC,NYC,4469068,657
NYC,NYC,4469101,645
NYC,NYC,4469199,652
NYC,NYC,4469461,754
NYC,NYC,4469571,750
NYC,NYC,4469605,647
NYC,NYC,4469756,655
NYC,NYC,4471069,672
NYC,NYC,4473098,662
NYC,NYC,4473117,658
NYC,NYC,4473148,650
NYC,NYC,4473192,657
NYC,NYC,4473210,662
NYC,NYC,4473303,650
NYC,NYC,4473341,744
NYC,NYC,4473422,653
NYC,NYC,4477123,692
NYC,NYC,4477180,692
NYC,NYC,4477453,697
NYC,NYC,4477658,682
NYC,NYC,4477742,669
NYC,NYC,4477806,832
NYC,NYC,4477992,727
NYC,NYC,4478132,685
NYC,NYC,4479572,650
NYC,NYC,4481927,689
NYC,NYC,4482015,740
NYC,NYC,4482144,762
NYC,NYC,4482186,651
NYC,NYC,4482255,1208
NYC,NYC,4482329,840
NYC,NYC,4482358,674
NYC,NYC,4482639,910
NYC,NYC,4482668,721
NYC,NYC,4482957,669
NYC,NYC,4482985,693
NYC,NYC,4483073,652
NYC,NYC,4483104,696
NYC,NYC,4483184,687
NYC,NYC,4483746,2080
NYC,NYC,4485431,672
NYC,NYC,4485513,663
NYC,NYC,4487578,647
NYC,NYC,4487741,654
NYC,NYC,4487797,664
NYC,NYC,4487891,666
NYC,NYC,4487977,698
NYC,NYC,4488028,647
NYC,NYC,4488238,644
NYC,NYC,4488267,725
NYC,NYC,4491503,664
NYC,NYC,4491977,700
NYC,NYC,4492163,663
NYC,NYC,4492196,703
NYC,NYC,4492298,659
NYC,NYC,4492368,684
NYC,NYC,4492400,673
NYC,NYC,4492602,675
NYC,NYC,4492875,733
NYC,NYC,4492913,910
NYC,NYC,4493072,661
NYC,NYC,4499674,700
NYC,NYC,4500911,671
NYC,NYC,4504063,663
NYC,NYC,4504536,647
NYC,NYC,4508774,643
NYC,NYC,4527488,743
NYC,NYC,4527490,683
NYC,NYC,4527491,653
NYC,NYC,4527492,696
NYC,NYC,4532700,663
NYC,NYC,4534255,669
NYC,NYC,4534292,654
NYC,NYC,4534367,682
NYC,NYC,4534397,642
NYC,NYC,4539189,668
NYC,NYC,4539249,979
NYC,NYC,4543949,716
NYC,NYC,4543998,649
NYC,NYC,4544276,660
NYC,NYC,4544349,782
NYC,NYC,4544402,669
NYC,NYC,4544451,984
NYC,NYC,4544569,832
NYC,NYC,4544712,972
NYC,NYC,4544980,661
NYC,NYC,4547198,669
NYC,NYC,4547199,658
NYC,NYC,4547200,656
NYC,NYC,4547218,663
NYC,NYC,4550031,656
NYC,NYC,4550630,662
NYC,NYC,4552104,649
NYC,NYC,4554344,967
NYC,NYC,4554587,665
NYC,NYC,4554844,644
NYC,NYC,4559381,718
NYC,NYC,4559437,669
NYC,NYC,4559450,933
NYC,NYC,4559539,721
NYC,NYC,4559637,646
NYC,NYC,4559669,687
NYC,NYC,4561110,1125
NYC,NYC,4564328,670
NYC,NYC,4564347,641
NYC,NYC,4564465,737
NYC,NYC,4564522,713
NYC,NYC,4564613,717
NYC,NYC,4564757,714
NYC,NYC,4565183,644
NYC,NYC,4565236,687
NYC,NYC,4565262,676
NYC,NYC,4565353,888
NYC,NYC,4565415,651
NYC,NYC,4567952,647
NYC,NYC,4567953,661
NYC,NYC,4568209,656
NYC,NYC,4568645,840
NYC,NYC,4573332,647
NYC,NYC,4575040,847
NYC,NYC,4575161,934
NYC,NYC,4575235,662
NYC,NYC,4575445,655
NYC,NYC,4575471,648
NYC,NYC,4575619,1055
NYC,NYC,4575649,851
NYC,NYC,4575677,647
NYC,NYC,4579962,678
NYC,NYC,4580003,665
NYC,NYC,4580323,816
NYC,NYC,4580346,674
NYC,NYC,4582901,655
NYC,NYC,4597470,657
NYC,NYC,4599221,2389
NYC,NYC,4603971,763
NYC,NYC,4604044,656
NYC,NYC,4604501,872
NYC,NYC,4604609,1729
NYC,NYC,4605831,724
NYC,NYC,4605910,695
NYC,NYC,4608656,644
NYC,NYC,4627101,2228
NYC,NYC,4628716,679
NYC,NYC,4630881,657
NYC,NYC,4630959,671
NYC,NYC,4631194,707
NYC,NYC,4631302,712
NYC,NYC,4631360,801
NYC,NYC,4631382,672
NYC,NYC,4633897,652
NYC,NYC,4633925,651
NYC,NYC,4635588,1032
NYC,NYC,4636059,701
NYC,NYC,4636339,650
NYC,NYC,4636405,653
NYC,NYC,4636439,703
NYC,NYC,4636505,781
NYC,NYC,4636689,1004
NYC,NYC,4641660,729
NYC,NYC,4655019,686
NYC,NYC,4661635,655
NYC,NYC,4664144,811
NYC,NYC,4665062,689
NYC,NYC,4665086,668
NYC,NYC,4672349,687
NYC,NYC,4674598,664
NYC,NYC,4681489,976
NYC,NYC,4685794,652
NYC,NYC,4704667,665
NYC,NYC,4704864,654
NYC,NYC,4705079,641
NYC,NYC,4705137,657
NYC,NYC,4705163,822
NYC,NYC,4709092,692
NYC,NYC,4709369,662
NYC,NYC,4709401,682
NYC,NYC,4709444,648
NYC,NYC,4709473,642
NYC,NYC,4709814,781
NYC,NYC,4709835,862
NYC,NYC,4716077,1690
NYC,NYC,4718303,650
NYC,NYC,4718338,700
NYC,NYC,4720724,725
NYC,NYC,4720845,654
NYC,NYC,4720852,677
NYC,NYC,4723620,1581
NYC,NYC,4723733,2387
NYC,NYC,4724246,644
NYC,NYC,4724315,768
NYC,NYC,4724350,851
NYC,NYC,4724414,694
NYC,NYC,4724493,647
NYC,NYC,4724533,657
NYC,NYC,4724633,742
NYC,NYC,4725039,678
NYC,NYC,4729389,843
NYC,NYC,4729737,677
NYC,NYC,4729820,725
NYC,NYC,4729844,862
NYC,NYC,4729949,757
NYC,NYC,4729997,701
NYC,NYC,4730149,641
NYC,NYC,4730174,674
NYC,NYC,4733444,683
NYC,NYC,4734077,668
NYC,NYC,4734102,671
NYC,NYC,4734213,720
NYC,NYC,4734283,772
NYC,NYC,4734306,674
NYC,NYC,4734345,780
NYC,NYC,4734374,667
NYC,NYC,4739539,664
NYC,NYC,4743773,1065
NYC,NYC,4743902,669
NYC,NYC,4743944,679
NYC,NYC,4743989,645
NYC,NYC,4744025,650
NYC,NYC,4744128,700
NYC,NYC,4744153,649
NYC,NYC,4744199,861
NYC,NYC,4744273,704
NYC,NYC,4748091,654
NYC,NYC,4748142,652
NYC,NYC,4748931,697
NYC,NYC,4749083,647
NYC,NYC,4749462,965
NYC,NYC,4749548,890
NYC,NYC,4749569,758
NYC,NYC,4749590,653
NYC,NYC,4749729,663
NYC,NYC,4750121,1541
NYC,NYC,4752287,679
NYC,NYC,4752326,643
NYC,NYC,4752443,668
NYC,NYC,4752485,708
NYC,NYC,4753606,652
NYC,NYC,4753653,677
NYC,NYC,4753754,670
NYC,NYC,4753816,740
NYC,NYC,4753864,658
NYC,NYC,4753924,660
NYC,NYC,4753951,673
NYC,NYC,4755009,763
NYC,NYC,4755119,659
NYC,NYC,4757782,649
NYC,NYC,4757835,647
NYC,NYC,4764490,1157
NYC,NYC,4764532,655
NYC,NYC,4764893,650
NYC,NYC,4765493,792
NYC,NYC,4765549,654
NYC,NYC,4765698,707
NYC,NYC,4765817,688
NYC,NYC,4769904,673
NYC,NYC,4769922,655
NYC,NYC,4770523,873
NYC,NYC,4770569,696
NYC,NYC,4770594,703
NYC,NYC,4770660,794
NYC,NYC,4770683,652
NYC,NYC,4770775,696
NYC,NYC,4770859,664
NYC,NYC,4771501,648
NYC,NYC,4775412,650
NYC,NYC,4775629,692
NYC,NYC,4775650,672
NYC,NYC,4775732,798
NYC,NYC,4775960,717
NYC,NYC,4776009,735
NYC,NYC,4776122,657
NYC,NYC,4776139,647
NYC,NYC,4776379,1041
NYC,NYC,4777039,2223
NYC,NYC,4778770,654
NYC,NYC,4780340,678
NYC,NYC,4780687,675
NYC,NYC,4780961,723
NYC,NYC,4781004,722
NYC,NYC,4781106,694
NYC,NYC,4781302,785
NYC,NYC,4781534,1140
NYC,NYC,4781716,663
NYC,NYC,4784904,645
NYC,NYC,4784932,791
NYC,NYC,4784961,659
NYC,NYC,4785132,694
NYC,NYC,4785183,645
NYC,NYC,4785205,748
NYC,NYC,4785443,766
NYC,NYC,4785583,642
NYC,NYC,4785638,651
NYC,NYC,4787948,707
NYC,NYC,4789497,652
NYC,NYC,4789529,675
NYC,NYC,4789545,669
NYC,NYC,4789598,661
NYC,NYC,4789756,716
NYC,NYC,4789851,664
NYC,NYC,4789955,656
NYC,NYC,4789991,1105
NYC,NYC,4790292,739
NYC,NYC,4790324,657
NYC,NYC,4790350,677
NYC,NYC,4790399,1027
NYC,NYC,4790471,818
NYC,NYC,4791181,1988
NYC,NYC,4791252,1011
NYC,NYC,4792428,693
NYC,NYC,4804155,701
NYC,NYC,4804359,885
NYC,NYC,4804363,2001
NYC,NYC,4804364,645
NYC,NYC,4804424,729
NYC,NYC,4805850,1085
NYC,NYC,4805851,905
NYC,NYC,4810259,1542
NYC,NYC,4811082,717
NYC,NYC,4815481,675
NYC,NYC,4818341,712
NYC,NYC,4818526,1710
NYC,NYC,4831328,704
NYC,NYC,4831331,682
NYC,NYC,4837269,947
NYC,NYC,4837443,668
NYC,NYC,4837481,645
NYC,NYC,4837526,688
NYC,NYC,4837614,703
NYC,NYC,4838082,669
NYC,NYC,4838111,726
NYC,NYC,4847663,661
NYC,NYC,4847695,658
NYC,NYC,4847862,969
NYC,NYC,4847908,684
NYC,NYC,4847931,669
NYC,NYC,4854953,668
NYC,NYC,4855039,703
NYC,NYC,4857028,649
NYC,NYC,4857061,666
NYC,NYC,4857162,681
NYC,NYC,4857208,643
NYC,NYC,4861247,656
NYC,NYC,4861296,644
NYC,NYC,4861441,684
NYC,NYC,4861603,642
NYC,NYC,4861624,663
NYC,NYC,4861811,653
NYC,NYC,4861850,649
NYC,NYC,4861888,665
NYC,NYC,4862071,739
NYC,NYC,4862136,646
NYC,NYC,4862159,669
NYC,NYC,4862363,928
NYC,NYC,4865559,659
NYC,NYC,4866502,652
NYC,NYC,4866656,645
NYC,NYC,4866685,654
NYC,NYC,4866819,667
NYC,NYC,4866908,769
NYC,NYC,4872314,655
NYC,NYC,4872353,654
NYC,NYC,4872567,651
NYC,NYC,4872681,643
NYC,NYC,4872702,645
NYC,NYC,4872843,815
NYC,NYC,4872858,669
NYC,NYC,4872886,651
NYC,NYC,4877725,831
NYC,NYC,4877765,663
NYC,NYC,4877821,704
NYC,NYC,4877845,724
NYC,NYC,4877852,711
NYC,NYC,4877881,648
NYC,NYC,4881349,651
NYC,NYC,4888109,685
NYC,NYC,4888133,666
NYC,NYC,4888146,680
NYC,NYC,4888364,762
NYC,NYC,4888493,754
NYC,NYC,4888626,746
NYC,NYC,4888691,755
NYC,NYC,4888755,1014
NYC,NYC,4893340,712
NYC,NYC,4893359,911
NYC,NYC,4893380,661
NYC,NYC,4893442,731
NYC,NYC,4893547,646
NYC,NYC,4893580,738
NYC,NYC,4893905,767
NYC,NYC,4893952,645
NYC,NYC,4893993,689
NYC,NYC,4894075,679
NYC,NYC,4894172,643
NYC,NYC,4896420,1131
NYC,NYC,4898867,649
NYC,NYC,4899801,776
NYC,NYC,4899831,796
NYC,NYC,4899863,852
NYC,NYC,4900086,730
NYC,NYC,4900176,662
NYC,NYC,4900221,657
NYC,NYC,4900535,818
NYC,NYC,4900557,767
NYC,NYC,4907447,643
NYC,NYC,4909376,669
NYC,NYC,4909485,960
NYC,NYC,4915615,665
NYC,NYC,4915693,700
NYC,NYC,4915711,696
NYC,NYC,4915752,885
NYC,NYC,4915772,656
NYC,NYC,4915801,663
NYC,NYC,4915872,879
NYC,NYC,4922044,713
NYC,NYC,4922064,648
NYC,NYC,4932446,686
NYC,NYC,4934047,676
NYC,NYC,4939978,873
NYC,NYC,4939998,658
NYC,NYC,4940083,676
NYC,NYC,4940121,685
NYC,NYC,4940137,690
NYC,NYC,4940191,643
NYC,NYC,4940373,758
NYC,NYC,4940485,648
NYC,NYC,4940773,662
NYC,NYC,4941076,714
NYC,NYC,4941200,771
NYC,NYC,4945693,652
NYC,NYC,4945735,669
NYC,NYC,4945756,666
NYC,NYC,4945874,749
NYC,NYC,4946551,670
NYC,NYC,4946767,667
NYC,NYC,4948826,648
NYC,NYC,4949038,705
NYC,NYC,4949040,772
NYC,NYC,4949044,806
NYC,NYC,4977064,750
NYC,NYC,4977066,679
NYC,NYC,4977477,659
NYC,NYC,4977502,646
NYC,NYC,4983689,664
NYC,NYC,4983733,660
NYC,NYC,4985026,644
NYC,NYC,4992061,663
NYC,NYC,4992120,695
NYC,NYC,5015746,656
NYC,NYC,5036786,644
NYC,NYC,5036856,653
NYC,NYC,5041994,709
NYC,NYC,5046222,792
NYC,NYC,5051552,671
NYC,NYC,5054554,654
NYC,NYC,5119587,662
NYC,NYC,5120819,672
NYC,NYC,5176399,1822
NYC,NYC,5194725,655
NYC,NYC,5201423,654
NYC,NYC,5208751,644
NYC,NYC,5223581,1064
NYC,NYC,5259507,706
NYC,NYC,5272650,655
NYC,NYC,5302945,821
NYC,NYC,5311012,1219
NYC,NYC,5332297,681
NYC,NYC,5332298,704
NYC,NYC,5332299,654
NYC,NYC,5349591,1182
NYC,NYC,5351420,661
NYC,NYC,5351423,667
NYC,NYC,5365327,745
NYC,NYC,5372745,779
NYC,NYC,5383661,667
NYC,NYC,5383662,642
NYC,NYC,5407207,670
NYC,NYC,5444516,641
NYC,NYC,5444517,731
NYC,NYC,5444518,642
NYC,NYC,5444521,653
NYC,NYC,5444522,694
NYC,NYC,5463621,837
NYC,NYC,5463623,828
NYC,NYC,5463628,643
NYC,NYC,5463629,744
NYC,NYC,5463667,680
NYC,NYC,5463668,818
NYC,NYC,5463670,686
NYC,NYC,5463672,688
NYC,NYC,5477475,673
NYC,NYC,5477478,808
NYC,NYC,5477485,686
NYC,NYC,5477486,1375
NYC,NYC,5477488,1028
NYC,NYC,5489993,996
NYC,NYC,5489996,1379
NYC,NYC,5489997,1483
NYC,NYC,5498996,660
NYC,NYC,5498999,1021
NYC,NYC,5503056,1792
NYC,NYC,5503064,766
NYC,NYC,5503068,654
NYC,NYC,5503119,667
NYC,NYC,5503164,695
NYC,NYC,5503179,830
NYC,NYC,5503180,709
NYC,NYC,5503184,680
NYC,NYC,5503190,1004
NYC,NYC,5503198,699
NYC,NYC,5503347,673
NYC,NYC,5503350,808
NYC,NYC,5503352,662
NYC,NYC,5503353,654
NYC,NYC,5503354,676
NYC,NYC,5503357,699
NYC,NYC,5503364,1170
NYC,NYC,5503370,690
NYC,NYC,5503372,676
NYC,NYC,5503375,1020
NYC,NYC,5503429,724
NYC,NYC,5503430,644
NYC,NYC,5511038,1082
NYC,NYC,5540705,692
NYC,NYC,5540706,713
NYC,NYC,5540714,750
NYC,NYC,5540715,661
NYC,NYC,5540716,642
NYC,NYC,5540730,694
NYC,NYC,5540786,647
NYC,NYC,5540790,654
NYC,NYC,5540791,691
NYC,NYC,5540812,661
NYC,NYC,5540825,663
NYC,NYC,5540826,674
NYC,NYC,5540828,657
NYC,NYC,5540829,699
NYC,NYC,5540830,659
NYC,NYC,5540832,668
NYC,NYC,5540833,707
NYC,NYC,5540834,760
NYC,NYC,5540835,660
NYC,NYC,5540844,1194
NYC,NYC,5540845,664
NYC,NYC,5540846,644
NYC,NYC,5540850,794
NYC,NYC,5545570,1532
NYC,NYC,5545571,841
NYC,NYC,5547012,679
NYC,NYC,5547013,1225
NYC,NYC,5547017,1277
NYC,NYC,5547021,676
NYC,NYC,5554166,677
NYC,NYC,5554170,1105
NYC,NYC,5565246,662
NYC,NYC,5565249,878
NYC,NYC,5565250,706
NYC,NYC,5565254,672
NYC,NYC,5571540,1553
NYC,NYC,5602333,1085
NYC,NYC,5602358,1085
NYC,NYC,5602366,873
NYC,NYC,5608564,648
NYC,NYC,5608570,650
NYC,NYC,5615840,917
NYC,NYC,5615842,644
NYC,NYC,5615871,747
NYC,NYC,5615874,702
NYC,NYC,5615893,686
NYC,NYC,5615898,711
NYC,NYC,5615901,649
NYC,NYC,5615903,690
NYC,NYC,5615904,690
NYC,NYC,5615905,881
NYC,NYC,5615913,732
NYC,NYC,5615914,707
NYC,NYC,5615915,752
NYC,NYC,5615934,673
NYC,NYC,5615935,648
NYC,NYC,5615950,695
NYC,NYC,5615957,662
NYC,NYC,5615958,643
NYC,NYC,5615959,642
NYC,NYC,5615960,678
NYC,NYC,5615962,664
NYC,NYC,5615963,723
NYC,NYC,5615964,681
NYC,NYC,5615967,674
NYC,NYC,5615976,662
NYC,NYC,5615977,798
NYC,NYC,5615978,702
NYC,NYC,5615980,646
NYC,NYC,5615985,685
NYC,NYC,5615987,745
NYC,NYC,5616008,644
NYC,NYC,5616010,686
NYC,NYC,5616018,651
NYC,NYC,5616031,689
NYC,NYC,5623152,648
NYC,NYC,5623348,1327
NYC,NYC,5623353,1037
NYC,NYC,5633512,648
NYC,NYC,5633519,995
NYC,NYC,5633521,684
NYC,NYC,5633523,685
NYC,NYC,5633789,650
NYC,NYC,5633790,855
NYC,NYC,5633792,665
NYC,NYC,5633794,2083
NYC,NYC,5640699,1140
NYC,NYC,5642995,1237
NYC,NYC,5682830,787
NYC,NYC,5692185,968
NYC,NYC,5692187,1083
NYC,NYC,5692188,837
NYC,NYC,5705282,668
NYC,NYC,5705284,675
NYC,NYC,5705285,677
NYC,NYC,5705331,1071
NYC,NYC,5705336,676
NYC,NYC,5705341,1143
NYC,NYC,5705348,663
NYC,NYC,5705378,659
NYC,NYC,5705383,668
NYC,NYC,5705542,661
NYC,NYC,5705544,668
NYC,NYC,5705554,687
NYC,NYC,5705555,661
NYC,NYC,5705565,664
NYC,NYC,5705697,713
NYC,NYC,5705699,691
NYC,NYC,5705726,687
NYC,NYC,5705728,690
NYC,NYC,5705733,650
NYC,NYC,5705756,709
NYC,NYC,5705890,693
NYC,NYC,5705893,688
NYC,NYC,5705900,658
NYC,NYC,5705908,645
NYC,NYC,5705911,685
NYC,NYC,5705914,642
NYC,NYC,5705916,936
NYC,NYC,5705918,643
NYC,NYC,5706144,646
NYC,NYC,5706152,644
NYC,NYC,5706159,674
NYC,NYC,5706181,720
NYC,NYC,5706230,928
NYC,NYC,5706288,715
NYC,NYC,5706370,649
NYC,NYC,5706374,731
NYC,NYC,5706381,997
NYC,NYC,5706498,670
NYC,NYC,5706500,681
NYC,NYC,5706504,655
NYC,NYC,5706511,701
NYC,NYC,5706581,683
NYC,NYC,5715344,1209
NYC,NYC,5746160,643
NYC,NYC,5750273,666
NYC,NYC,5758749,1283
NYC,NYC,5771584,708
NYC,NYC,5771606,672
NYC,NYC,5771608,693
NYC,NYC,5771617,1346
NYC,NYC,5771618,789
NYC,NYC,5771619,869
NYC,NYC,5771620,689
NYC,NYC,5771623,663
NYC,NYC,5771627,781
NYC,NYC,5772012,660
NYC,NYC,5772014,648
NYC,NYC,5772015,648
NYC,NYC,5772017,648
NYC,NYC,5772018,733
NYC,NYC,5772020,723
NYC,NYC,5772047,734
NYC,NYC,5772051,687
NYC,NYC,5772090,730
NYC,NYC,5772116,1366
NYC,NYC,5772118,1091
NYC,NYC,5772119,754
NYC,NYC,5772120,756
NYC,NYC,5772121,647
NYC,NYC,5819800,676
NYC,NYC,5844399,683
NYC,NYC,5849020,731
NYC,NYC,5874745,661
NYC,NYC,5874747,645
NYC,NYC,5874766,675
NYC,NYC,5874770,655
NYC,NYC,5874782,919
NYC,NYC,5874785,826
NYC,NYC,5874786,665
NYC,NYC,5874788,646
NYC,NYC,5874789,649
NYC,NYC,5874843,659
NYC,NYC,5874844,664
NYC,NYC,5874852,642
NYC,NYC,5874870,1493
NYC,NYC,5874871,1354
NYC,NYC,5875150,669
NYC,NYC,5875151,676
NYC,NYC,5875171,921
NYC,NYC,5875172,779
NYC,NYC,5875174,850
NYC,NYC,5875175,869
NYC,NYC,5875177,942
NYC,NYC,5880546,644
NYC,NYC,5880560,690
NYC,NYC,5880562,676
NYC,NYC,5880565,642
NYC,NYC,5880576,661
NYC,NYC,5880621,2124
NYC,NYC,5880623,743
NYC,NYC,5880626,975
NYC,NYC,5880627,690
NYC,NYC,5880628,642
NYC,NYC,5880646,741
NYC,NYC,5880650,1035
NYC,NYC,5880663,650
NYC,NYC,5882074,656
NYC,NYC,5882075,1024
NYC,NYC,5882149,834
NYC,NYC,5882150,715
NYC,NYC,5882155,651
NYC,NYC,5882171,772
NYC,NYC,5882183,674
NYC,NYC,5882185,703
NYC,NYC,5882196,679
NYC,NYC,5882198,668
NYC,NYC,5882199,673
NYC,NYC,5882205,649
NYC,NYC,5882206,1397
NYC,NYC,5882207,655
NYC,NYC,5882208,650
NYC,NYC,5882249,677
NYC,NYC,5882251,848
NYC,NYC,5882252,845
NYC,NYC,5882276,884
NYC,NYC,5882278,1603
NYC,NYC,5882282,1981
NYC,NYC,5882283,642
NYC,NYC,5882285,648
NYC,NYC,5912518,1420
NYC,NYC,5938784,760
NYC,NYC,5954693,2390
NYC,NYC,5969191,659
NYC,NYC,5969211,642
NYC,NYC,5969213,1202
NYC,NYC,5969214,693
NYC,NYC,5969215,911
NYC,NYC,5969219,719
NYC,NYC,5969261,674
NYC,NYC,5969263,1941
NYC,NYC,5969273,809
NYC,NYC,5969276,679
NYC,NYC,5969278,755
NYC,NYC,5969297,665
NYC,NYC,5969332,660
NYC,NYC,5969333,646
NYC,NYC,5969334,658
NYC,NYC,5969340,677
NYC,NYC,5969342,692
NYC,NYC,5969343,650
NYC,NYC,5969357,672
NYC,NYC,5969358,715
NYC,NYC,5969359,788
NYC,NYC,5969360,665
NYC,NYC,5969361,846
NYC,NYC,5969379,646
NYC,NYC,5969380,777
NYC,NYC,5969386,1577
NYC,NYC,5969404,652
NYC,NYC,5969405,755
NYC,NYC,5969406,646
NYC,NYC,5969408,652
NYC,NYC,5969409,643
NYC,NYC,5969413,667
NYC,NYC,5969433,822
NYC,NYC,5969434,685
NYC,NYC,5969435,768
NYC,NYC,6001709,683
NYC,NYC,6039794,692
NYC,NYC,6058408,865
NYC,NYC,6058411,649
NYC,NYC,6062339,646
NYC,NYC,6062340,649
NYC,NYC,6062341,645
NYC,NYC,6062390,728
NYC,NYC,6062391,764
NYC,NYC,6062395,734
NYC,NYC,6062398,1250
NYC,NYC,6062409,648
NYC,NYC,6062412,667
NYC,NYC,6062413,685
NYC,NYC,6062418,694
NYC,NYC,6062419,690
NYC,NYC,6070058,650
NYC,NYC,6070062,719
NYC,NYC,6070063,673
NYC,NYC,6070065,653
NYC,NYC,6109121,833
NYC,NYC,6109122,1120
NYC,NYC,6109123,1609
NYC,NYC,6109127,648
NYC,NYC,6109138,654
NYC,NYC,6122945,1999
NYC,NYC,6148084,743
NYC,NYC,6148089,1146
NYC,NYC,6148091,1439
NYC,NYC,6148098,803
NYC,NYC,6148100,665
NYC,NYC,6148102,665
NYC,NYC,6148103,649
NYC,NYC,6148104,665
NYC,NYC,6148139,707
NYC,NYC,6148140,831
NYC,NYC,6148141,2028
NYC,NYC,6148146,1692
NYC,NYC,6148156,675
NYC,NYC,6148159,840
NYC,NYC,6148206,675
NYC,NYC,6148229,647
NYC,NYC,6148250,743
NYC,NYC,6148253,704
NYC,NYC,6190355,1090
NYC,NYC,6193321,712
NYC,NYC,6193322,673
NYC,NYC,6193324,652
NYC,NYC,6193327,664
NYC,NYC,6193328,648
NYC,NYC,6193347,785
NYC,NYC,6193348,666
NYC,NYC,6193349,763
NYC,NYC,6193350,880
NYC,NYC,6193373,658
NYC,NYC,6193392,655
NYC,NYC,6193393,697
NYC,NYC,6193395,844
NYC,NYC,6193397,663
NYC,NYC,6193433,681
NYC,NYC,6193434,970
NYC,NYC,6193435,642
NYC,NYC,6193441,1147
NYC,NYC,6193474,691
NYC,NYC,6193479,658
NYC,NYC,6193485,652
NYC,NYC,6193488,1199
NYC,NYC,6193491,654
NYC,NYC,6193493,648
NYC,NYC,6193504,764
NYC,NYC,6193506,2049
NYC,NYC,6193508,652
NYC,NYC,6193509,1538
NYC,NYC,6193510,716
NYC,NYC,6193513,718
NYC,NYC,6280315,938
NYC,NYC,6344802,685
NYC,NYC,6344803,688
NYC,NYC,6344804,848
NYC,NYC,6497819,1090
NYC,NYC,6633536,846
NYC,NYC,6662742,1071
NYC,NYC,6682333,664
NYC,NYC,6682342,675
NYC,NYC,6835664,687
NYC,NYC,6835669,764
NYC,NYC,7612533,1078
NYC,NYC,7612537,654
NYC,NYC,7838616,1446
NYC,NYC,7875332,672
SF_Centre,SF Centre,10752853,615
SF_Centre,SF Centre,10752864,232
SF_Centre,SF Centre,10752951,610
SF_Centre,SF Centre,10892045,323
SF_Centre,SF Centre,10934834,242
SF_Centre,SF Centre,10934933,423
SF_Centre,SF Centre,10935081,278
SF_Centre,SF Centre,10935136,308
SF_Centre,SF Centre,10935148,237
SF_Centre,SF Centre,10935358,636
SF_Centre,SF Centre,10935638,228
SF_Centre,SF Centre,10935844,607
SF_Centre,SF Centre,10969051,601
SF_Centre,SF Centre,11058912,601
SF_Centre,SF Centre,11071635,423
SF_Centre,SF Centre,11071677,459
SF_Centre,SF Centre,11071727,411
SF_Centre,SF Centre,11071733,257
SF_Centre,SF Centre,11071965,535
SF_Centre,SF Centre,11092058,446
SF_Centre,SF Centre,11092072,247
SF_Centre,SF Centre,4300268,961
SF_Centre,SF Centre,4303167,610
SF_Centre,SF Centre,4303201,600
SF_Centre,SF Centre,4326816,606
SF_Centre,SF Centre,4453473,610
SF_Centre,SF Centre,4636267,624
SF_Centre,SF Centre,4652239,601
SF_Centre,SF Centre,4660369,640
SF_Centre,SF Centre,4748312,624
SF_Centre,SF Centre,4748313,770
SF_Centre,SF Centre,4779685,669
SF_Centre,SF Centre,4792372,609
SF_Centre,SF Centre,4793806,609
SF_Centre,SF Centre,4798549,661
SF_Centre,SF Centre,4944723,650
SF_Centre,SF Centre,4981908,251
SF_Centre,SF Centre,5084249,600
SF_Centre,SF Centre,5133027,628
SF_Centre,SF Centre,5285957,387
SF_Centre,SF Centre,5286334,342
SF_Centre,SF Centre,5395622,231
SF_Centre,SF Centre,5538668,617
SF_Centre,SF Centre,5670672,264
SF_Centre,SF Centre,5729758,253
SF_Centre,SF Centre,5763820,989
SF_Centre,SF Centre,5917923,272
SF_Centre,SF Centre,5936666,602
SF_Centre,SF Centre,6014730,219
SF_Centre,SF Centre,6051512,601
SF_Centre,SF Centre,6053686,602
SF_Centre,SF Centre,6171971,372
SF_Centre,SF Centre,6172561,239
SF_Centre,SF Centre,6357847,716
SF_Centre,SF Centre,6358495,308
SF_Centre,SF Centre,6422329,269
SF_Centre,SF Centre,6547817,320
SF_Centre,SF Centre,6547822,341
SF_Centre,SF Centre,6756778,498
SF_Centre,SF Centre,6896919,619
SF_Centre,SF Centre,6920600,225
SF_Centre,SF Centre,6922501,273
SF_Centre,SF Centre,6922622,453
SF_Centre,SF Centre,6941418,282
SF_Centre,SF Centre,6984632,617
SF_Centre,SF Centre,7555066,339
SF_Centre,SF Centre,7557391,302
SF_Centre,SF Centre,7563440,591
SF_Centre,SF Centre,7564587,242
SF_Centre,SF Centre,7583768,236
SF_Centre,SF Centre,7598344,219
SF_Centre,SF Centre,7613495,612
SF_Centre,SF Centre,7613518,285
SF_Centre,SF Centre,7613731,271
SF_Centre,SF Centre,7691124,255
SF_Centre,SF Centre,7691163,301
SF_Centre,SF Centre,7691232,601
SF_Centre,SF Centre,7691423,303
SF_Centre,SF Centre,7691435,343
SF_Centre,SF Centre,7691520,608
SF_Centre,SF Centre,7691542,368
SF_Centre,SF Centre,7691885,251
SF_Centre,SF Centre,7691909,624
SF_Centre,SF Centre,7795968,252
SF_Centre,SF Centre,7797310,601
SF_Centre,SF Centre,7799046,454
SF_Centre,SF Centre,7799135,329
SF_Centre,SF Centre,7799180,645
SF_Centre,SF Centre,7799209,525
SF_Centre,SF Centre,7799211,232
SF_Centre,SF Centre,7799420,317
SF_Centre,SF Centre,7799507,310
SF_Centre,SF Centre,7852277,247
SF_Centre,SF Centre,7852403,290
SF_Centre,SF Centre,7852411,607
SF_Centre,SF Centre,7852420,606
SF_Centre,SF Centre,7852422,216
SF_Centre,SF Centre,7852445,307
SF_Centre,SF Centre,7852451,314
SF_Centre,SF Centre,8354596,385
SF_Centre,SF Centre,10726184,476
SF_Centre,SF Centre,10752822,523
SF_Centre,SF Centre,10752829,303
SF_Centre,SF Centre,10752831,613
SF_Centre,SF Centre,10752851,250
SF_Centre,SF Centre,10752863,363
SF_Centre,SF Centre,10752883,605
SF_Centre,SF Centre,10752916,369
SF_Centre,SF Centre,10752918,237
SF_Centre,SF Centre,10752928,448
SF_Centre,SF Centre,10752934,404
SF_Centre,SF Centre,10752943,258
SF_Centre,SF Centre,10752944,262
SF_Centre,SF Centre,10752945,502
SF_Centre,SF Centre,10753031,238
SF_Centre,SF Centre,10753033,231
SF_Centre,SF Centre,10753038,240
SF_Centre,SF Centre,10753040,364
SF_Centre,SF Centre,10753076,602
SF_Centre,SF Centre,10753107,306
SF_Centre,SF Centre,10753109,309
SF_Centre,SF Centre,10753112,387
SF_Centre,SF Centre,10753151,610
SF_Centre,SF Centre,10783260,241
SF_Centre,SF Centre,10783264,605
SF_Centre,SF Centre,10783284,347
SF_Centre,SF Centre,10800340,468
SF_Centre,SF Centre,10801766,348
SF_Centre,SF Centre,10801782,341
SF_Centre,SF Centre,10810627,304
SF_Centre,SF Centre,10813341,241
SF_Centre,SF Centre,10838606,457
SF_Centre,SF Centre,10838613,315
SF_Centre,SF Centre,10845144,370
SF_Centre,SF Centre,10845161,343
SF_Centre,SF Centre,10845168,318
SF_Centre,SF Centre,10845180,611
SF_Centre,SF Centre,10845238,256
SF_Centre,SF Centre,10845248,270
SF_Centre,SF Centre,10845249,478
SF_Centre,SF Centre,10845251,273
SF_Centre,SF Centre,10875747,345
SF_Centre,SF Centre,10890267,619
SF_Centre,SF Centre,10892058,339
SF_Centre,SF Centre,10895131,329
SF_Centre,SF Centre,10895156,360
SF_Centre,SF Centre,10904673,602
SF_Centre,SF Centre,10922100,246
SF_Centre,SF Centre,10922103,224
SF_Centre,SF Centre,10934830,522
SF_Centre,SF Centre,10934837,477
SF_Centre,SF Centre,10934840,264
SF_Centre,SF Centre,10934848,531
SF_Centre,SF Centre,10934855,601
SF_Centre,SF Centre,10934869,329
SF_Centre,SF Centre,10934872,347
SF_Centre,SF Centre,10934880,601
SF_Centre,SF Centre,10934935,605
SF_Centre,SF Centre,10934944,303
SF_Centre,SF Centre,10934962,231
SF_Centre,SF Centre,10934973,263
SF_Centre,SF Centre,10934975,455
SF_Centre,SF Centre,10934979,601
SF_Centre,SF Centre,10935000,230
SF_Centre,SF Centre,10935001,421
SF_Centre,SF Centre,10935033,260
SF_Centre,SF Centre,10935040,414
SF_Centre,SF Centre,10935041,271
SF_Centre,SF Centre,10935051,314
SF_Centre,SF Centre,10935052,232
SF_Centre,SF Centre,10935056,308
SF_Centre,SF Centre,10935062,254
SF_Centre,SF Centre,10935068,430
SF_Centre,SF Centre,10935078,237
SF_Centre,SF Centre,10935079,252
SF_Centre,SF Centre,10935084,461
SF_Centre,SF Centre,10935088,229
SF_Centre,SF Centre,10935089,372
SF_Centre,SF Centre,10935093,391
SF_Centre,SF Centre,10935096,606
SF_Centre,SF Centre,10935103,316
SF_Centre,SF Centre,10935110,539
SF_Centre,SF Centre,10935112,442
SF_Centre,SF Centre,10935115,349
SF_Centre,SF Centre,10935124,298
SF_Centre,SF Centre,10935131,418
SF_Centre,SF Centre,10935137,420
SF_Centre,SF Centre,10935145,256
SF_Centre,SF Centre,10935150,286
SF_Centre,SF Centre,10935156,603
SF_Centre,SF Centre,10935158,416
SF_Centre,SF Centre,10935166,368
SF_Centre,SF Centre,10935167,434
SF_Centre,SF Centre,10935186,255
SF_Centre,SF Centre,10935206,600
SF_Centre,SF Centre,10935300,326
SF_Centre,SF Centre,10935306,258
SF_Centre,SF Centre,10935312,284
SF_Centre,SF Centre,10935324,255
SF_Centre,SF Centre,10935326,359
SF_Centre,SF Centre,10935344,223
SF_Centre,SF Centre,10935348,340
SF_Centre,SF Centre,10935350,581
SF_Centre,SF Centre,10935361,230
SF_Centre,SF Centre,10935373,220
SF_Centre,SF Centre,10935380,634
SF_Centre,SF Centre,10935420,249
SF_Centre,SF Centre,10935439,611
SF_Centre,SF Centre,10935491,600
SF_Centre,SF Centre,10935520,234
SF_Centre,SF Centre,10935531,600
SF_Centre,SF Centre,10935615,432
SF_Centre,SF Centre,10935619,220
SF_Centre,SF Centre,10935624,382
SF_Centre,SF Centre,10935627,417
SF_Centre,SF Centre,10935629,418
SF_Centre,SF Centre,10935631,397
SF_Centre,SF Centre,10935639,619
SF_Centre,SF Centre,10969040,233
SF_Centre,SF Centre,10974278,291
SF_Centre,SF Centre,10974288,455
SF_Centre,SF Centre,10974309,601
SF_Centre,SF Centre,10983346,335
SF_Centre,SF Centre,10983349,234
SF_Centre,SF Centre,10983353,601
SF_Centre,SF Centre,10983376,535
SF_Centre,SF Centre,10991346,261
SF_Centre,SF Centre,10991354,357
SF_Centre,SF Centre,10997014,317
SF_Centre,SF Centre,10997036,218
SF_Centre,SF Centre,10997104,312
SF_Centre,SF Centre,11008410,267
SF_Centre,SF Centre,11011629,265
SF_Centre,SF Centre,11011631,337
SF_Centre,SF Centre,11011640,285
SF_Centre,SF Centre,11011641,250
SF_Centre,SF Centre,11011645,438
SF_Centre,SF Centre,11014346,602
SF_Centre,SF Centre,11031595,218
SF_Centre,SF Centre,11031602,601
SF_Centre,SF Centre,11053174,502
SF_Centre,SF Centre,11059062,608
SF_Centre,SF Centre,11064961,353
SF_Centre,SF Centre,11067376,273
SF_Centre,SF Centre,11067379,218
SF_Centre,SF Centre,11067404,237
SF_Centre,SF Centre,11067407,245
SF_Centre,SF Centre,11071553,353
SF_Centre,SF Centre,11071557,505
SF_Centre,SF Centre,11071567,485
SF_Centre,SF Centre,11071569,616
SF_Centre,SF Centre,11071580,272
SF_Centre,SF Centre,11071582,405
SF_Centre,SF Centre,11071583,504
SF_Centre,SF Centre,11071588,245
SF_Centre,SF Centre,11071592,329
SF_Centre,SF Centre,11071599,229
SF_Centre,SF Centre,11071603,601
SF_Centre,SF Centre,11071621,409
SF_Centre,SF Centre,11071623,225
SF_Centre,SF Centre,11071626,495
SF_Centre,SF Centre,11071630,374
SF_Centre,SF Centre,11071631,261
SF_Centre,SF Centre,11071643,232
SF_Centre,SF Centre,11071644,463
SF_Centre,SF Centre,11071649,284
SF_Centre,SF Centre,11071652,222
SF_Centre,SF Centre,11071659,253
SF_Centre,SF Centre,11071678,275
SF_Centre,SF Centre,11071690,522
SF_Centre,SF Centre,11071696,387
SF_Centre,SF Centre,11071697,323
SF_Centre,SF Centre,11071703,305
SF_Centre,SF Centre,11071720,223
SF_Centre,SF Centre,11071721,241
SF_Centre,SF Centre,11071725,402
SF_Centre,SF Centre,11071737,304
SF_Centre,SF Centre,11071739,350
SF_Centre,SF Centre,11071742,220
SF_Centre,SF Centre,11071755,262
SF_Centre,SF Centre,11071780,270
SF_Centre,SF Centre,11071785,448
SF_Centre,SF Centre,11071788,239
SF_Centre,SF Centre,11071789,616
SF_Centre,SF Centre,11071797,263
SF_Centre,SF Centre,11071812,228
SF_Centre,SF Centre,11071818,294
SF_Centre,SF Centre,11071834,272
SF_Centre,SF Centre,11071839,250
SF_Centre,SF Centre,11071845,260
SF_Centre,SF Centre,11071854,537
SF_Centre,SF Centre,11071876,485
SF_Centre,SF Centre,11071879,238
SF_Centre,SF Centre,11071882,304
SF_Centre,SF Centre,11071887,369
SF_Centre,SF Centre,11071895,310
SF_Centre,SF Centre,11071897,504
SF_Centre,SF Centre,11071945,232
SF_Centre,SF Centre,11071961,265
SF_Centre,SF Centre,11071964,223
SF_Centre,SF Centre,11071969,357
SF_Centre,SF Centre,11071971,484
SF_Centre,SF Centre,11071972,311
SF_Centre,SF Centre,11072008,398
SF_Centre,SF Centre,11072010,334
SF_Centre,SF Centre,11072024,256
SF_Centre,SF Centre,11072025,260
SF_Centre,SF Centre,11092063,240
SF_Centre,SF Centre,11119265,449
SF_Centre,SF Centre,4187808,808
SF_Centre,SF Centre,4290410,632
SF_Centre,SF Centre,4299979,659
SF_Centre,SF Centre,4300317,619
SF_Centre,SF Centre,4300340,634
SF_Centre,SF Centre,4300357,600
SF_Centre,SF Centre,4303765,607
SF_Centre,SF Centre,4303777,386
SF_Centre,SF Centre,4310411,606
SF_Centre,SF Centre,4326839,626
SF_Centre,SF Centre,4327101,601
SF_Centre,SF Centre,4341077,606
SF_Centre,SF Centre,4346545,634
SF_Centre,SF Centre,4346546,274
SF_Centre,SF Centre,4346547,725
SF_Centre,SF Centre,4414520,314
SF_Centre,SF Centre,4414521,623
SF_Centre,SF Centre,4414522,608
SF_Centre,SF Centre,4414548,624
SF_Centre,SF Centre,4414550,636
SF_Centre,SF Centre,4414568,600
SF_Centre,SF Centre,4414569,512
SF_Centre,SF Centre,4416761,611
SF_Centre,SF Centre,4416765,604
SF_Centre,SF Centre,4438881,605
SF_Centre,SF Centre,4439609,655
SF_Centre,SF Centre,4439623,620
SF_Centre,SF Centre,4449724,610
SF_Centre,SF Centre,4449898,601
SF_Centre,SF Centre,4461475,660
SF_Centre,SF Centre,4513694,601
SF_Centre,SF Centre,4513699,624
SF_Centre,SF Centre,4540238,610
SF_Centre,SF Centre,4540240,610
SF_Centre,SF Centre,4544293,601
SF_Centre,SF Centre,4544295,624
SF_Centre,SF Centre,4544297,604
SF_Centre,SF Centre,4544298,671
SF_Centre,SF Centre,4544300,802
SF_Centre,SF Centre,4544302,637
SF_Centre,SF Centre,4569820,691
SF_Centre,SF Centre,4570372,601
SF_Centre,SF Centre,4570399,633
SF_Centre,SF Centre,4578242,317
SF_Centre,SF Centre,4578280,639
SF_Centre,SF Centre,4579167,601
SF_Centre,SF Centre,4583661,636
SF_Centre,SF Centre,4602265,600
SF_Centre,SF Centre,4602302,670
SF_Centre,SF Centre,4602328,601
SF_Centre,SF Centre,4602699,601
SF_Centre,SF Centre,4602783,606
SF_Centre,SF Centre,4602813,633
SF_Centre,SF Centre,4609446,621
SF_Centre,SF Centre,4612368,647
SF_Centre,SF Centre,4612370,626
SF_Centre,SF Centre,4612371,628
SF_Centre,SF Centre,4624382,651
SF_Centre,SF Centre,4624408,601
SF_Centre,SF Centre,4636254,601
SF_Centre,SF Centre,4636263,432
SF_Centre,SF Centre,4636270,609
SF_Centre,SF Centre,4653679,615
SF_Centre,SF Centre,4653845,1056
SF_Centre,SF Centre,4653846,612
SF_Centre,SF Centre,4653867,635
SF_Centre,SF Centre,4653868,604
SF_Centre,SF Centre,4653869,859
SF_Centre,SF Centre,4653872,610
SF_Centre,SF Centre,4658533,623
SF_Centre,SF Centre,4658842,665
SF_Centre,SF Centre,4659622,635
SF_Centre,SF Centre,4659669,632
SF_Centre,SF Centre,4660330,635
SF_Centre,SF Centre,4664734,611
SF_Centre,SF Centre,4676351,608
SF_Centre,SF Centre,4676352,633
SF_Centre,SF Centre,4676354,636
SF_Centre,SF Centre,4691531,601
SF_Centre,SF Centre,4691532,426
SF_Centre,SF Centre,4691533,412
SF_Centre,SF Centre,4691538,619
SF_Centre,SF Centre,4691542,601
SF_Centre,SF Centre,4691546,993
SF_Centre,SF Centre,4723951,667
SF_Centre,SF Centre,4723952,601
SF_Centre,SF Centre,4727990,372
SF_Centre,SF Centre,4727993,724
SF_Centre,SF Centre,4727994,846
SF_Centre,SF Centre,4728036,626
SF_Centre,SF Centre,4728037,619
SF_Centre,SF Centre,4728038,635
SF_Centre,SF Centre,4748673,389
SF_Centre,SF Centre,4753939,602
SF_Centre,SF Centre,4763055,700
SF_Centre,SF Centre,4778243,606
SF_Centre,SF Centre,4778269,601
SF_Centre,SF Centre,4778293,621
SF_Centre,SF Centre,4778319,628
SF_Centre,SF Centre,4778591,218
SF_Centre,SF Centre,4778638,624
SF_Centre,SF Centre,4780187,601
SF_Centre,SF Centre,4780232,601
SF_Centre,SF Centre,4780715,607
SF_Centre,SF Centre,4780834,601
SF_Centre,SF Centre,4781226,601
SF_Centre,SF Centre,4792394,656
SF_Centre,SF Centre,4792704,232
SF_Centre,SF Centre,4792739,619
SF_Centre,SF Centre,4793104,694
SF_Centre,SF Centre,4793706,656
SF_Centre,SF Centre,4793827,338
SF_Centre,SF Centre,4794401,601
SF_Centre,SF Centre,4794402,645
SF_Centre,SF Centre,4794403,457
SF_Centre,SF Centre,4794404,634
SF_Centre,SF Centre,4794405,632
SF_Centre,SF Centre,4796849,641
SF_Centre,SF Centre,4796850,603
SF_Centre,SF Centre,4797193,626
SF_Centre,SF Centre,4797233,626
SF_Centre,SF Centre,4798547,651
SF_Centre,SF Centre,4798548,616
SF_Centre,SF Centre,4798550,612
SF_Centre,SF Centre,4821362,631
SF_Centre,SF Centre,4821374,601
SF_Centre,SF Centre,4821382,638
SF_Centre,SF Centre,4821398,365
SF_Centre,SF Centre,4903540,833
SF_Centre,SF Centre,4904106,611
SF_Centre,SF Centre,4904108,630
SF_Centre,SF Centre,4904109,1757
SF_Centre,SF Centre,4904110,618
SF_Centre,SF Centre,4940317,236
SF_Centre,SF Centre,4944725,662
SF_Centre,SF Centre,4944726,601
SF_Centre,SF Centre,4944727,614
SF_Centre,SF Centre,4944728,816
SF_Centre,SF Centre,4944729,737
SF_Centre,SF Centre,4980424,227
SF_Centre,SF Centre,4981907,278
SF_Centre,SF Centre,4994253,256
SF_Centre,SF Centre,5036696,604
SF_Centre,SF Centre,5046783,604
SF_Centre,SF Centre,5100078,234
SF_Centre,SF Centre,5100870,240
SF_Centre,SF Centre,5100942,423
SF_Centre,SF Centre,5105614,273
SF_Centre,SF Centre,5106657,601
SF_Centre,SF Centre,5131092,314
SF_Centre,SF Centre,5131093,357
SF_Centre,SF Centre,5131096,217
SF_Centre,SF Centre,5131098,223
SF_Centre,SF Centre,5132939,252
SF_Centre,SF Centre,5133019,812
SF_Centre,SF Centre,5133020,617
SF_Centre,SF Centre,5133023,541
SF_Centre,SF Centre,5133024,655
SF_Centre,SF Centre,5133029,633
SF_Centre,SF Centre,5133032,622
SF_Centre,SF Centre,5133412,233
SF_Centre,SF Centre,5144919,271
SF_Centre,SF Centre,5144921,319
SF_Centre,SF Centre,5148162,665
SF_Centre,SF Centre,5148205,636
SF_Centre,SF Centre,5154362,601
SF_Centre,SF Centre,5154922,299
SF_Centre,SF Centre,5161893,240
SF_Centre,SF Centre,5161901,222
SF_Centre,SF Centre,5206444,601
SF_Centre,SF Centre,5206548,377
SF_Centre,SF Centre,5236478,602
SF_Centre,SF Centre,5236480,725
SF_Centre,SF Centre,5236481,624
SF_Centre,SF Centre,5254865,600
SF_Centre,SF Centre,5307399,219
SF_Centre,SF Centre,5307768,341
SF_Centre,SF Centre,5308025,228
SF_Centre,SF Centre,5308270,305
SF_Centre,SF Centre,5308276,601
SF_Centre,SF Centre,5333236,795
SF_Centre,SF Centre,5340170,277
SF_Centre,SF Centre,5361792,226
SF_Centre,SF Centre,5404870,316
SF_Centre,SF Centre,5419535,343
SF_Centre,SF Centre,5432266,248
SF_Centre,SF Centre,5439071,296
SF_Centre,SF Centre,5482202,612
SF_Centre,SF Centre,5482203,654
SF_Centre,SF Centre,5482204,643
SF_Centre,SF Centre,5501163,607
SF_Centre,SF Centre,5505070,357
SF_Centre,SF Centre,5505076,602
SF_Centre,SF Centre,5505078,315
SF_Centre,SF Centre,5516296,259
SF_Centre,SF Centre,5516300,217
SF_Centre,SF Centre,5516301,463
SF_Centre,SF Centre,5516304,605
SF_Centre,SF Centre,5521840,319
SF_Centre,SF Centre,5521849,238
SF_Centre,SF Centre,5526061,624
SF_Centre,SF Centre,5532181,601
SF_Centre,SF Centre,5532184,647
SF_Centre,SF Centre,5532185,627
SF_Centre,SF Centre,5552217,449
SF_Centre,SF Centre,5564671,268
SF_Centre,SF Centre,5564675,557
SF_Centre,SF Centre,5618575,260
SF_Centre,SF Centre,5618577,242
SF_Centre,SF Centre,5626759,630
SF_Centre,SF Centre,5626760,633
SF_Centre,SF Centre,5626761,291
SF_Centre,SF Centre,5626762,357
SF_Centre,SF Centre,5626763,754
SF_Centre,SF Centre,5628725,346
SF_Centre,SF Centre,5628732,610
SF_Centre,SF Centre,5637507,658
SF_Centre,SF Centre,5648322,244
SF_Centre,SF Centre,5648331,240
SF_Centre,SF Centre,5650481,278
SF_Centre,SF Centre,5661172,221
SF_Centre,SF Centre,5661178,250
SF_Centre,SF Centre,5661180,300
SF_Centre,SF Centre,5661193,263
SF_Centre,SF Centre,5687615,260
SF_Centre,SF Centre,5687625,677
SF_Centre,SF Centre,5708650,296
SF_Centre,SF Centre,5709358,611
SF_Centre,SF Centre,5721902,600
SF_Centre,SF Centre,5727162,608
SF_Centre,SF Centre,5727163,604
SF_Centre,SF Centre,5729785,319
SF_Centre,SF Centre,5752151,288
SF_Centre,SF Centre,5752152,256
SF_Centre,SF Centre,5752156,604
SF_Centre,SF Centre,5755642,1173
SF_Centre,SF Centre,5755643,806
SF_Centre,SF Centre,5755645,602
SF_Centre,SF Centre,5763817,600
SF_Centre,SF Centre,5763819,614
SF_Centre,SF Centre,5763823,652
SF_Centre,SF Centre,5763824,707
SF_Centre,SF Centre,5766232,523
SF_Centre,SF Centre,5766234,283
SF_Centre,SF Centre,5776453,600
SF_Centre,SF Centre,5812416,457
SF_Centre,SF Centre,5812419,601
SF_Centre,SF Centre,5812420,372
SF_Centre,SF Centre,5812423,527
SF_Centre,SF Centre,5823100,274
SF_Centre,SF Centre,5823139,505
SF_Centre,SF Centre,5823140,237
SF_Centre,SF Centre,5823141,601
SF_Centre,SF Centre,5824835,362
SF_Centre,SF Centre,5824920,624
SF_Centre,SF Centre,5835056,285
SF_Centre,SF Centre,5835068,239
SF_Centre,SF Centre,5902735,326
SF_Centre,SF Centre,5917922,348
SF_Centre,SF Centre,5935430,222
SF_Centre,SF Centre,5936740,315
SF_Centre,SF Centre,5936871,607
SF_Centre,SF Centre,5958729,434
SF_Centre,SF Centre,5958730,882
SF_Centre,SF Centre,5961516,377
SF_Centre,SF Centre,5961517,265
SF_Centre,SF Centre,5961520,605
SF_Centre,SF Centre,5992844,345
SF_Centre,SF Centre,5992857,217
SF_Centre,SF Centre,5992858,275
SF_Centre,SF Centre,5992865,622
SF_Centre,SF Centre,5992875,614
SF_Centre,SF Centre,5992968,387
SF_Centre,SF Centre,5993956,438
SF_Centre,SF Centre,5998241,623
SF_Centre,SF Centre,6003565,261
SF_Centre,SF Centre,6003567,252
SF_Centre,SF Centre,6003576,601
SF_Centre,SF Centre,6010679,418
SF_Centre,SF Centre,6010681,255
SF_Centre,SF Centre,6010685,616
SF_Centre,SF Centre,6022396,624
SF_Centre,SF Centre,6051511,320
SF_Centre,SF Centre,6076203,246
SF_Centre,SF Centre,6076207,600
SF_Centre,SF Centre,6120044,325
SF_Centre,SF Centre,6120046,601
SF_Centre,SF Centre,6129297,245
SF_Centre,SF Centre,6129300,219
SF_Centre,SF Centre,6129303,451
SF_Centre,SF Centre,6129314,601
SF_Centre,SF Centre,6129830,437
SF_Centre,SF Centre,6129836,377
SF_Centre,SF Centre,6129840,610
SF_Centre,SF Centre,6172614,252
SF_Centre,SF Centre,6172887,498
SF_Centre,SF Centre,6185926,604
SF_Centre,SF Centre,6187190,286
SF_Centre,SF Centre,6187193,305
SF_Centre,SF Centre,6187195,601
SF_Centre,SF Centre,6187570,601
SF_Centre,SF Centre,6217069,601
SF_Centre,SF Centre,6238692,601
SF_Centre,SF Centre,6250378,241
SF_Centre,SF Centre,6250381,308
SF_Centre,SF Centre,6250386,271
SF_Centre,SF Centre,6262591,264
SF_Centre,SF Centre,6262624,561
SF_Centre,SF Centre,6312271,216
SF_Centre,SF Centre,6312274,596
SF_Centre,SF Centre,6357844,608
SF_Centre,SF Centre,6358496,220
SF_Centre,SF Centre,6358498,344
SF_Centre,SF Centre,6364150,607
SF_Centre,SF Centre,6364568,601
SF_Centre,SF Centre,6382321,355
SF_Centre,SF Centre,6382336,355
SF_Centre,SF Centre,6382338,237
SF_Centre,SF Centre,6415065,605
SF_Centre,SF Centre,6422291,231
SF_Centre,SF Centre,6422300,601
SF_Centre,SF Centre,6422331,230
SF_Centre,SF Centre,6422342,380
SF_Centre,SF Centre,6422363,606
SF_Centre,SF Centre,6444144,228
SF_Centre,SF Centre,6479634,601
SF_Centre,SF Centre,6496787,661
SF_Centre,SF Centre,6537589,347
SF_Centre,SF Centre,6537603,285
SF_Centre,SF Centre,6537604,377
SF_Centre,SF Centre,6537613,601
SF_Centre,SF Centre,6547774,262
SF_Centre,SF Centre,6547776,230
SF_Centre,SF Centre,6547825,601
SF_Centre,SF Centre,6549363,309
SF_Centre,SF Centre,6550029,297
SF_Centre,SF Centre,6550144,601
SF_Centre,SF Centre,6561789,624
SF_Centre,SF Centre,6561790,601
SF_Centre,SF Centre,6561791,601
SF_Centre,SF Centre,6561792,536
SF_Centre,SF Centre,6561795,617
SF_Centre,SF Centre,6614190,608
SF_Centre,SF Centre,6614351,601
SF_Centre,SF Centre,6614362,604
SF_Centre,SF Centre,6614372,601
SF_Centre,SF Centre,6618683,599
SF_Centre,SF Centre,6624068,605
SF_Centre,SF Centre,6634636,601
SF_Centre,SF Centre,6643953,601
SF_Centre,SF Centre,6643954,263
SF_Centre,SF Centre,6661483,601
SF_Centre,SF Centre,6689678,546
SF_Centre,SF Centre,6689842,600
SF_Centre,SF Centre,6698589,570
SF_Centre,SF Centre,6700606,601
SF_Centre,SF Centre,6710963,620
SF_Centre,SF Centre,6711433,234
SF_Centre,SF Centre,6713937,450
SF_Centre,SF Centre,6715150,603
SF_Centre,SF Centre,6715199,293
SF_Centre,SF Centre,6715259,245
SF_Centre,SF Centre,6715586,610
SF_Centre,SF Centre,6726495,254
SF_Centre,SF Centre,6733954,355
SF_Centre,SF Centre,6734114,601
SF_Centre,SF Centre,6743299,601
SF_Centre,SF Centre,6756773,339
SF_Centre,SF Centre,6756777,248
SF_Centre,SF Centre,6756781,601
SF_Centre,SF Centre,6789478,394
SF_Centre,SF Centre,6789482,299
SF_Centre,SF Centre,6792673,311
SF_Centre,SF Centre,6792711,313
SF_Centre,SF Centre,6792712,355
SF_Centre,SF Centre,6792755,283
SF_Centre,SF Centre,6792760,606
SF_Centre,SF Centre,6798148,321
SF_Centre,SF Centre,6798210,601
SF_Centre,SF Centre,6801293,259
SF_Centre,SF Centre,6801296,473
SF_Centre,SF Centre,6801298,222
SF_Centre,SF Centre,6802410,601
SF_Centre,SF Centre,6820851,600
SF_Centre,SF Centre,6828967,237
SF_Centre,SF Centre,6829055,599
SF_Centre,SF Centre,6862712,440
SF_Centre,SF Centre,6862856,317
SF_Centre,SF Centre,6880030,600
SF_Centre,SF Centre,6883914,420
SF_Centre,SF Centre,6883917,344
SF_Centre,SF Centre,6903935,601
SF_Centre,SF Centre,6911916,234
SF_Centre,SF Centre,6911965,601
SF_Centre,SF Centre,6922959,242
SF_Centre,SF Centre,6923104,240
SF_Centre,SF Centre,6924236,237
SF_Centre,SF Centre,6924274,601
SF_Centre,SF Centre,6948842,611
SF_Centre,SF Centre,6958051,606
SF_Centre,SF Centre,6960899,331
SF_Centre,SF Centre,6961052,296
SF_Centre,SF Centre,6961137,237
SF_Centre,SF Centre,6962160,469
SF_Centre,SF Centre,6962201,231
SF_Centre,SF Centre,6967132,265
SF_Centre,SF Centre,6967197,330
SF_Centre,SF Centre,6974543,605
SF_Centre,SF Centre,6979609,460
SF_Centre,SF Centre,6982347,241
SF_Centre,SF Centre,6983766,306
SF_Centre,SF Centre,6990140,600
SF_Centre,SF Centre,7153969,602
SF_Centre,SF Centre,7451871,289
SF_Centre,SF Centre,7451900,602
SF_Centre,SF Centre,7519440,617
SF_Centre,SF Centre,7543395,344
SF_Centre,SF Centre,7547777,601
SF_Centre,SF Centre,7547803,608
SF_Centre,SF Centre,7551761,265
SF_Centre,SF Centre,7552058,381
SF_Centre,SF Centre,7552266,220
SF_Centre,SF Centre,7552358,510
SF_Centre,SF Centre,7552426,501
SF_Centre,SF Centre,7554620,230
SF_Centre,SF Centre,7554722,429
SF_Centre,SF Centre,7555100,277
SF_Centre,SF Centre,7555165,336
SF_Centre,SF Centre,7555249,224
SF_Centre,SF Centre,7555399,601
SF_Centre,SF Centre,7556876,298
SF_Centre,SF Centre,7556883,272
SF_Centre,SF Centre,7556890,605
SF_Centre,SF Centre,7559914,325
SF_Centre,SF Centre,7560532,316
SF_Centre,SF Centre,7560672,343
SF_Centre,SF Centre,7560842,424
SF_Centre,SF Centre,7563179,223
SF_Centre,SF Centre,7563441,356
SF_Centre,SF Centre,7563484,373
SF_Centre,SF Centre,7563855,216
SF_Centre,SF Centre,7564249,222
SF_Centre,SF Centre,7564289,235
SF_Centre,SF Centre,7573851,284
SF_Centre,SF Centre,7574188,321
SF_Centre,SF Centre,7574268,404
SF_Centre,SF Centre,7574336,226
SF_Centre,SF Centre,7574881,454
SF_Centre,SF Centre,7575488,246
SF_Centre,SF Centre,7575792,365
SF_Centre,SF Centre,7576063,275
SF_Centre,SF Centre,7576431,605
SF_Centre,SF Centre,7577943,310
SF_Centre,SF Centre,7580043,216
SF_Centre,SF Centre,7580106,313
SF_Centre,SF Centre,7580242,270
SF_Centre,SF Centre,7580365,224
SF_Centre,SF Centre,7580479,243
SF_Centre,SF Centre,7580703,447
SF_Centre,SF Centre,7580785,350
SF_Centre,SF Centre,7581019,386
SF_Centre,SF Centre,7581120,321
SF_Centre,SF Centre,7581199,259
SF_Centre,SF Centre,7581369,543
SF_Centre,SF Centre,7583734,453
SF_Centre,SF Centre,7583851,608
SF_Centre,SF Centre,7584044,345
SF_Centre,SF Centre,7584270,610
SF_Centre,SF Centre,7584390,234
SF_Centre,SF Centre,7584479,389
SF_Centre,SF Centre,7585216,321
SF_Centre,SF Centre,7585225,601
SF_Centre,SF Centre,7586776,222
SF_Centre,SF Centre,7591556,295
SF_Centre,SF Centre,7591598,224
SF_Centre,SF Centre,7591791,300
SF_Centre,SF Centre,7591825,257
SF_Centre,SF Centre,7591969,350
SF_Centre,SF Centre,7594007,231
SF_Centre,SF Centre,7594427,335
SF_Centre,SF Centre,7597348,281
SF_Centre,SF Centre,7597613,614
SF_Centre,SF Centre,7612478,589
SF_Centre,SF Centre,7612491,483
SF_Centre,SF Centre,7612494,605
SF_Centre,SF Centre,7613481,276
SF_Centre,SF Centre,7613485,601
SF_Centre,SF Centre,7613490,238
SF_Centre,SF Centre,7613491,270
SF_Centre,SF Centre,7613493,228
SF_Centre,SF Centre,7613496,223
SF_Centre,SF Centre,7613499,218
SF_Centre,SF Centre,7613509,627
SF_Centre,SF Centre,7613512,237
SF_Centre,SF Centre,7613519,334
SF_Centre,SF Centre,7613520,236
SF_Centre,SF Centre,7613525,266
SF_Centre,SF Centre,7613527,219
SF_Centre,SF Centre,7613538,278
SF_Centre,SF Centre,7613539,218
SF_Centre,SF Centre,7613541,306
SF_Centre,SF Centre,7613544,222
SF_Centre,SF Centre,7613551,225
SF_Centre,SF Centre,7613555,461
SF_Centre,SF Centre,7613556,280
SF_Centre,SF Centre,7613557,294
SF_Centre,SF Centre,7613566,389
SF_Centre,SF Centre,7613569,299
SF_Centre,SF Centre,7613571,245
SF_Centre,SF Centre,7613580,606
SF_Centre,SF Centre,7613588,246
SF_Centre,SF Centre,7613592,482
SF_Centre,SF Centre,7613629,228
SF_Centre,SF Centre,7613643,625
SF_Centre,SF Centre,7613647,227
SF_Centre,SF Centre,7613707,266
SF_Centre,SF Centre,7613732,275
SF_Centre,SF Centre,7613737,613
SF_Centre,SF Centre,7613743,489
SF_Centre,SF Centre,7613745,381
SF_Centre,SF Centre,7613782,225
SF_Centre,SF Centre,7613783,545
SF_Centre,SF Centre,7613788,284
SF_Centre,SF Centre,7613790,220
SF_Centre,SF Centre,7648438,601
SF_Centre,SF Centre,7648481,330
SF_Centre,SF Centre,7659062,613
SF_Centre,SF Centre,7684733,227
SF_Centre,SF Centre,7685913,610
SF_Centre,SF Centre,7691023,468
SF_Centre,SF Centre,7691029,451
SF_Centre,SF Centre,7691031,253
SF_Centre,SF Centre,7691033,283
SF_Centre,SF Centre,7691034,316
SF_Centre,SF Centre,7691039,601
SF_Centre,SF Centre,7691078,297
SF_Centre,SF Centre,7691080,297
SF_Centre,SF Centre,7691086,398
SF_Centre,SF Centre,7691101,246
SF_Centre,SF Centre,7691104,300
SF_Centre,SF Centre,7691107,311
SF_Centre,SF Centre,7691130,267
SF_Centre,SF Centre,7691247,280
SF_Centre,SF Centre,7691278,599
SF_Centre,SF Centre,7691283,363
SF_Centre,SF Centre,7691288,289
SF_Centre,SF Centre,7691291,227
SF_Centre,SF Centre,7691300,357
SF_Centre,SF Centre,7691302,269
SF_Centre,SF Centre,7691303,601
SF_Centre,SF Centre,7691320,245
SF_Centre,SF Centre,7691322,306
SF_Centre,SF Centre,7691327,387
SF_Centre,SF Centre,7691350,221
SF_Centre,SF Centre,7691354,403
SF_Centre,SF Centre,7691355,610
SF_Centre,SF Centre,7691358,296
SF_Centre,SF Centre,7691359,231
SF_Centre,SF Centre,7691366,449
SF_Centre,SF Centre,7691388,328
SF_Centre,SF Centre,7691399,570
SF_Centre,SF Centre,7691401,289
SF_Centre,SF Centre,7691403,281
SF_Centre,SF Centre,7691409,217
SF_Centre,SF Centre,7691411,222
SF_Centre,SF Centre,7691419,510
SF_Centre,SF Centre,7691422,221
SF_Centre,SF Centre,7691431,289
SF_Centre,SF Centre,7691439,602
SF_Centre,SF Centre,7691445,478
SF_Centre,SF Centre,7691448,601
SF_Centre,SF Centre,7691472,321
SF_Centre,SF Centre,7691474,600
SF_Centre,SF Centre,7691479,218
SF_Centre,SF Centre,7691517,241
SF_Centre,SF Centre,7691519,298
SF_Centre,SF Centre,7691521,316
SF_Centre,SF Centre,7691523,436
SF_Centre,SF Centre,7691551,606
SF_Centre,SF Centre,7691573,218
SF_Centre,SF Centre,7691574,566
SF_Centre,SF Centre,7691893,369
SF_Centre,SF Centre,7691905,282
SF_Centre,SF Centre,7691910,260
SF_Centre,SF Centre,7691916,448
SF_Centre,SF Centre,7691928,332
SF_Centre,SF Centre,7691929,268
SF_Centre,SF Centre,7691934,314
SF_Centre,SF Centre,7691950,394
SF_Centre,SF Centre,7691953,573
SF_Centre,SF Centre,7691955,315
SF_Centre,SF Centre,7701732,265
SF_Centre,SF Centre,7701736,279
SF_Centre,SF Centre,7701737,616
SF_Centre,SF Centre,7701738,601
SF_Centre,SF Centre,7703606,311
SF_Centre,SF Centre,7703685,287
SF_Centre,SF Centre,7705793,566
SF_Centre,SF Centre,7713857,217
SF_Centre,SF Centre,7713858,601
SF_Centre,SF Centre,7713860,415
SF_Centre,SF Centre,7713861,602
SF_Centre,SF Centre,7732103,268
SF_Centre,SF Centre,7732105,601
SF_Centre,SF Centre,7781143,610
SF_Centre,SF Centre,7781361,235
SF_Centre,SF Centre,7781397,254
SF_Centre,SF Centre,7781453,256
SF_Centre,SF Centre,7782038,406
SF_Centre,SF Centre,7782133,312
SF_Centre,SF Centre,7782196,544
SF_Centre,SF Centre,7782588,601
SF_Centre,SF Centre,7792005,630
SF_Centre,SF Centre,7793516,604
SF_Centre,SF Centre,7795876,401
SF_Centre,SF Centre,7795881,400
SF_Centre,SF Centre,7795885,365
SF_Centre,SF Centre,7795901,244
SF_Centre,SF Centre,7795903,257
SF_Centre,SF Centre,7795904,223
SF_Centre,SF Centre,7795907,610
SF_Centre,SF Centre,7795973,516
SF_Centre,SF Centre,7797255,270
SF_Centre,SF Centre,7797264,240
SF_Centre,SF Centre,7799006,271
SF_Centre,SF Centre,7799009,491
SF_Centre,SF Centre,7799020,604
SF_Centre,SF Centre,7799036,291
SF_Centre,SF Centre,7799038,320
SF_Centre,SF Centre,7799053,299
SF_Centre,SF Centre,7799060,315
SF_Centre,SF Centre,7799075,256
SF_Centre,SF Centre,7799107,228
SF_Centre,SF Centre,7799122,449
SF_Centre,SF Centre,7799130,354
SF_Centre,SF Centre,7799141,362
SF_Centre,SF Centre,7799147,388
SF_Centre,SF Centre,7799165,268
SF_Centre,SF Centre,7799166,342
SF_Centre,SF Centre,7799171,513
SF_Centre,SF Centre,7799174,241
SF_Centre,SF Centre,7799177,248
SF_Centre,SF Centre,7799181,501
SF_Centre,SF Centre,7799188,559
SF_Centre,SF Centre,7799191,274
SF_Centre,SF Centre,7799193,637
SF_Centre,SF Centre,7799207,369
SF_Centre,SF Centre,7799212,601
SF_Centre,SF Centre,7799215,538
SF_Centre,SF Centre,7799223,369
SF_Centre,SF Centre,7799230,601
SF_Centre,SF Centre,7799237,228
SF_Centre,SF Centre,7799239,291
SF_Centre,SF Centre,7799240,271
SF_Centre,SF Centre,7799246,600
SF_Centre,SF Centre,7799254,233
SF_Centre,SF Centre,7799262,372
SF_Centre,SF Centre,7799269,270
SF_Centre,SF Centre,7799276,218
SF_Centre,SF Centre,7799294,604
SF_Centre,SF Centre,7799316,346
SF_Centre,SF Centre,7799321,601
SF_Centre,SF Centre,7799338,336
SF_Centre,SF Centre,7799341,375
SF_Centre,SF Centre,7799346,324
SF_Centre,SF Centre,7799350,244
SF_Centre,SF Centre,7799356,326
SF_Centre,SF Centre,7799358,272
SF_Centre,SF Centre,7799359,235
SF_Centre,SF Centre,7799364,609
SF_Centre,SF Centre,7799366,238
SF_Centre,SF Centre,7799368,226
SF_Centre,SF Centre,7799369,269
SF_Centre,SF Centre,7799375,224
SF_Centre,SF Centre,7799381,305
SF_Centre,SF Centre,7799389,366
SF_Centre,SF Centre,7799392,523
SF_Centre,SF Centre,7799402,253
SF_Centre,SF Centre,7799403,424
SF_Centre,SF Centre,7799404,227
SF_Centre,SF Centre,7799415,619
SF_Centre,SF Centre,7799417,435
SF_Centre,SF Centre,7799423,310
SF_Centre,SF Centre,7799427,269
SF_Centre,SF Centre,7799432,342
SF_Centre,SF Centre,7799454,340
SF_Centre,SF Centre,7799455,232
SF_Centre,SF Centre,7799463,345
SF_Centre,SF Centre,7799481,234
SF_Centre,SF Centre,7799486,226
SF_Centre,SF Centre,7799489,278
SF_Centre,SF Centre,7799493,379
SF_Centre,SF Centre,7799494,601
SF_Centre,SF Centre,7799501,272
SF_Centre,SF Centre,7799504,219
SF_Centre,SF Centre,7799506,228
SF_Centre,SF Centre,7799509,225
SF_Centre,SF Centre,7799518,242
SF_Centre,SF Centre,7799519,392
SF_Centre,SF Centre,7799520,426
SF_Centre,SF Centre,7799569,425
SF_Centre,SF Centre,7799570,277
SF_Centre,SF Centre,7799578,329
SF_Centre,SF Centre,7799581,475
SF_Centre,SF Centre,7799583,231
SF_Centre,SF Centre,7799585,242
SF_Centre,SF Centre,7799586,241
SF_Centre,SF Centre,7799587,322
SF_Centre,SF Centre,7799596,226
SF_Centre,SF Centre,7799603,313
SF_Centre,SF Centre,7799604,413
SF_Centre,SF Centre,7799613,338
SF_Centre,SF Centre,7799628,259
SF_Centre,SF Centre,7799632,418
SF_Centre,SF Centre,7799634,435
SF_Centre,SF Centre,7799643,276
SF_Centre,SF Centre,7799651,290
SF_Centre,SF Centre,7799653,355
SF_Centre,SF Centre,7799657,369
SF_Centre,SF Centre,7799668,255
SF_Centre,SF Centre,7799670,465
SF_Centre,SF Centre,7799674,619
SF_Centre,SF Centre,7852225,294
SF_Centre,SF Centre,7852226,290
SF_Centre,SF Centre,7852231,457
SF_Centre,SF Centre,7852232,328
SF_Centre,SF Centre,7852234,272
SF_Centre,SF Centre,7852243,289
SF_Centre,SF Centre,7852254,312
SF_Centre,SF Centre,7852255,303
SF_Centre,SF Centre,7852257,600
SF_Centre,SF Centre,7852258,399
SF_Centre,SF Centre,7852268,431
SF_Centre,SF Centre,7852270,555
SF_Centre,SF Centre,7852278,360
SF_Centre,SF Centre,7852280,541
SF_Centre,SF Centre,7852294,524
SF_Centre,SF Centre,7852299,331
SF_Centre,SF Centre,7852313,322
SF_Centre,SF Centre,7852314,394
SF_Centre,SF Centre,7852319,374
SF_Centre,SF Centre,7852324,562
SF_Centre,SF Centre,7852327,353
SF_Centre,SF Centre,7852344,248
SF_Centre,SF Centre,7852346,273
SF_Centre,SF Centre,7852350,608
SF_Centre,SF Centre,7852388,438
SF_Centre,SF Centre,7852389,239
SF_Centre,SF Centre,7852391,263
SF_Centre,SF Centre,7852400,393
SF_Centre,SF Centre,7852405,609
SF_Centre,SF Centre,7852406,362
SF_Centre,SF Centre,7852408,216
SF_Centre,SF Centre,7852410,517
SF_Centre,SF Centre,7852415,341
SF_Centre,SF Centre,7852419,335
SF_Centre,SF Centre,7852423,282
SF_Centre,SF Centre,7852426,364
SF_Centre,SF Centre,7852430,608
SF_Centre,SF Centre,7852434,607
SF_Centre,SF Centre,7852441,510
SF_Centre,SF Centre,7852444,260
SF_Centre,SF Centre,7852450,236
SF_Centre,SF Centre,7852454,365
SF_Centre,SF Centre,7852460,620
SF_Centre,SF Centre,7852461,269
SF_Centre,SF Centre,7852462,278
SF_Centre,SF Centre,7852465,250
SF_Centre,SF Centre,7852466,237
SF_Centre,SF Centre,7852477,612
SF_Centre,SF Centre,7863113,347
SF_Centre,SF Centre,7863134,365
SF_Centre,SF Centre,7863137,620
SF_Centre,SF Centre,7863141,607
SF_Centre,SF Centre,7863159,312
SF_Centre,SF Centre,7863164,220
SF_Centre,SF Centre,7863167,615
SF_Centre,SF Centre,7863186,438
SF_Centre,SF Centre,7863194,272
SF_Centre,SF Centre,7863210,241
SF_Centre,SF Centre,7863213,453
SF_Centre,SF Centre,7863253,601
SF_Centre,SF Centre,8125129,601
SF_Centre,SF Centre,8204028,584
SF_Centre,SF Centre,8204061,448
SF_Centre,SF Centre,8289688,385
SF_Centre,SF Centre,8298230,458
SF_Centre,SF Centre,8352308,600
SF_Centre,SF Centre,8430722,608
SF_Centre,SF Centre,8433748,607
SF_Centre,SF Centre,8719752,601
