lat,lon,start_time,end_time,type
40.6093302,-73.9699925,2022-06-23 16:25:08,2022-06-23 16:25:08,MOVE_POINT
40.6093298,-73.96999199999999,2022-06-23 16:25:09,2022-06-23 16:25:09,MOVE_POINT
40.6093293,-73.9699909,2022-06-23 16:25:10,2022-06-23 16:25:10,MOVE_POINT
40.6093287,-73.9699897,2022-06-23 16:25:11,2022-06-23 16:25:11,MOVE_POINT
40.6093281,-73.9699888,2022-06-23 16:25:12,2022-06-23 16:25:12,MOVE_POINT
40.6093283,-73.9699875,2022-06-23 16:25:13,2022-06-23 16:25:13,MOVE_POINT
40.6093288,-73.9699864,2022-06-23 16:25:14,2022-06-23 16:25:14,MOVE_POINT
40.6093289,-73.9699857,2022-06-23 16:25:15,2022-06-23 16:25:15,MOVE_POINT
40.6093294,-73.9699845,2022-06-23 16:25:16,2022-06-23 16:25:16,MOVE_POINT
40.6093299,-73.9699837,2022-06-23 16:25:17,2022-06-23 16:25:17,MOVE_POINT
40.6093311,-73.9699826,2022-06-23 16:25:18,2022-06-23 16:25:18,MOVE_POINT
40.6093321,-73.9699816,2022-06-23 16:25:19,2022-06-23 16:25:19,MOVE_POINT
40.609331518181826,-73.96997858181818,2022-06-23 16:25:20,2022-06-23 16:25:30,STOP
40.6093226,-73.96998099999999,2022-06-23 16:25:31,2022-06-23 16:25:31,MOVE_POINT
40.609310134375,-73.969985353125,2022-06-23 16:25:32,2022-06-23 16:25:47,STOP
40.6092702,-73.96997979999999,2022-06-23 16:25:48,2022-06-23 16:25:48,MOVE_POINT
40.6092337,-73.96997309999999,2022-06-23 16:25:49,2022-06-23 16:25:49,MOVE_POINT
40.6091886,-73.96996469999999,2022-06-23 16:25:50,2022-06-23 16:25:50,MOVE_POINT
40.6091397,-73.96995609999999,2022-06-23 16:25:51,2022-06-23 16:25:51,MOVE_POINT
40.6090912,-73.96994769999999,2022-06-23 16:25:52,2022-06-23 16:25:52,MOVE_POINT
40.6090522,-73.96994029999999,2022-06-23 16:25:53,2022-06-23 16:25:53,MOVE_POINT
40.60902,-73.9699357,2022-06-23 16:25:54,2022-06-23 16:25:54,MOVE_POINT
40.6089942,-73.9699325,2022-06-23 16:25:55,2022-06-23 16:25:55,MOVE_POINT
40.608975,-73.9699329,2022-06-23 16:25:56,2022-06-23 16:25:56,MOVE_POINT
40.6089614,-73.9699316,2022-06-23 16:25:57,2022-06-23 16:25:57,MOVE_POINT
40.608953,-73.9699304,2022-06-23 16:25:58,2022-06-23 16:25:58,MOVE_POINT
40.6089512,-73.9699298,2022-06-23 16:25:59,2022-06-23 16:25:59,MOVE_POINT
40.6089513,-73.96992929999999,2022-06-23 16:26:00,2022-06-23 16:26:00,MOVE_POINT
40.6089514,-73.9699291,2022-06-23 16:26:01,2022-06-23 16:26:01,MOVE_POINT
40.6089516,-73.9699285,2022-06-23 16:26:02,2022-06-23 16:26:02,MOVE_POINT
40.6089515,-73.96992809999999,2022-06-23 16:26:03,2022-06-23 16:26:03,MOVE_POINT
40.6089514,-73.9699277,2022-06-23 16:26:04,2022-06-23 16:26:04,MOVE_POINT
40.6089512,-73.9699274,2022-06-23 16:26:05,2022-06-23 16:26:05,MOVE_POINT
40.608951,-73.9699268,2022-06-23 16:26:06,2022-06-23 16:26:06,MOVE_POINT
40.608951,-73.969926,2022-06-23 16:26:07,2022-06-23 16:26:07,MOVE_POINT
40.6089509,-73.9699248,2022-06-23 16:26:08,2022-06-23 16:26:08,MOVE_POINT
40.6089509,-73.9699241,2022-06-23 16:26:09,2022-06-23 16:26:09,MOVE_POINT
40.60895259411764,-73.96992098235295,2022-06-23 16:26:10,2022-06-23 16:26:26,STOP
40.60894,-73.969911,2022-06-23 16:26:27,2022-06-23 16:26:27,MOVE_POINT
40.608924,-73.9699048,2022-06-23 16:26:28,2022-06-23 16:26:28,MOVE_POINT
40.6088981,-73.9698986,2022-06-23 16:26:29,2022-06-23 16:26:29,MOVE_POINT
40.6088627,-73.9698932,2022-06-23 16:26:30,2022-06-23 16:26:30,MOVE_POINT
40.6088213,-73.9698908,2022-06-23 16:26:31,2022-06-23 16:26:31,MOVE_POINT
40.6087675,-73.9698848,2022-06-23 16:26:32,2022-06-23 16:26:32,MOVE_POINT
40.6087089,-73.9698744,2022-06-23 16:26:33,2022-06-23 16:26:33,MOVE_POINT
40.6086465,-73.9698615,2022-06-23 16:26:34,2022-06-23 16:26:34,MOVE_POINT
40.6085801,-73.9698489,2022-06-23 16:26:35,2022-06-23 16:26:35,MOVE_POINT
40.6085184,-73.96982899999999,2022-06-23 16:26:36,2022-06-23 16:26:36,MOVE_POINT
40.6084578,-73.9698119,2022-06-23 16:26:37,2022-06-23 16:26:37,MOVE_POINT
40.6083778,-73.9697985,2022-06-23 16:26:38,2022-06-23 16:26:38,MOVE_POINT
40.6082938,-73.9697838,2022-06-23 16:26:39,2022-06-23 16:26:39,MOVE_POINT
40.6082119,-73.969769,2022-06-23 16:26:40,2022-06-23 16:26:40,MOVE_POINT
40.6081334,-73.96975379999999,2022-06-23 16:26:41,2022-06-23 16:26:41,MOVE_POINT
40.6080567,-73.9697412,2022-06-23 16:26:42,2022-06-23 16:26:42,MOVE_POINT
40.6079831,-73.9697279,2022-06-23 16:26:43,2022-06-23 16:26:43,MOVE_POINT
40.6079119,-73.9697082,2022-06-23 16:26:44,2022-06-23 16:26:44,MOVE_POINT
40.6078381,-73.9696926,2022-06-23 16:26:45,2022-06-23 16:26:45,MOVE_POINT
40.607768,-73.9696812,2022-06-23 16:26:46,2022-06-23 16:26:46,MOVE_POINT
40.6077028,-73.969668,2022-06-23 16:26:47,2022-06-23 16:26:47,MOVE_POINT
40.6076374,-73.9696563,2022-06-23 16:26:48,2022-06-23 16:26:48,MOVE_POINT
40.6075742,-73.9696438,2022-06-23 16:26:49,2022-06-23 16:26:49,MOVE_POINT
40.6075154,-73.96962959999999,2022-06-23 16:26:50,2022-06-23 16:26:50,MOVE_POINT
40.607464,-73.9696184,2022-06-23 16:26:51,2022-06-23 16:26:51,MOVE_POINT
40.6074034,-73.96960709999999,2022-06-23 16:26:52,2022-06-23 16:26:52,MOVE_POINT
40.6073561,-73.9695986,2022-06-23 16:26:53,2022-06-23 16:26:53,MOVE_POINT
40.6073123,-73.96959009999999,2022-06-23 16:26:54,2022-06-23 16:26:54,MOVE_POINT
40.6072802,-73.969584,2022-06-23 16:26:55,2022-06-23 16:26:55,MOVE_POINT
40.6072545,-73.96957789999999,2022-06-23 16:26:56,2022-06-23 16:26:56,MOVE_POINT
40.6072334,-73.9695749,2022-06-23 16:26:57,2022-06-23 16:26:57,MOVE_POINT
40.6072072,-73.9695708,2022-06-23 16:26:58,2022-06-23 16:26:58,MOVE_POINT
40.6071753,-73.969566,2022-06-23 16:26:59,2022-06-23 16:26:59,MOVE_POINT
40.607134,-73.96955729999999,2022-06-23 16:27:00,2022-06-23 16:27:00,MOVE_POINT
40.6070928,-73.96953409999999,2022-06-23 16:27:01,2022-06-23 16:27:01,MOVE_POINT
40.6070638,-73.969498,2022-06-23 16:27:02,2022-06-23 16:27:02,MOVE_POINT
40.607049,-73.96945269999999,2022-06-23 16:27:03,2022-06-23 16:27:03,MOVE_POINT
40.6070463,-73.9694067,2022-06-23 16:27:04,2022-06-23 16:27:04,MOVE_POINT
40.6070511,-73.9693474,2022-06-23 16:27:05,2022-06-23 16:27:05,MOVE_POINT
40.6070538,-73.9692876,2022-06-23 16:27:06,2022-06-23 16:27:06,MOVE_POINT
40.6070542,-73.969214,2022-06-23 16:27:07,2022-06-23 16:27:07,MOVE_POINT
40.6070606,-73.9691375,2022-06-23 16:27:08,2022-06-23 16:27:08,MOVE_POINT
40.6070683,-73.9690586,2022-06-23 16:27:09,2022-06-23 16:27:09,MOVE_POINT
40.6070766,-73.9689902,2022-06-23 16:27:10,2022-06-23 16:27:10,MOVE_POINT
40.6070822,-73.9689294,2022-06-23 16:27:11,2022-06-23 16:27:11,MOVE_POINT
40.6070864,-73.9688812,2022-06-23 16:27:12,2022-06-23 16:27:12,MOVE_POINT
40.6070886,-73.9688372,2022-06-23 16:27:13,2022-06-23 16:27:13,MOVE_POINT
40.6070898,-73.9688044,2022-06-23 16:27:14,2022-06-23 16:27:14,MOVE_POINT
40.6070907,-73.9687842,2022-06-23 16:27:15,2022-06-23 16:27:15,MOVE_POINT
40.6070889,-73.9687706,2022-06-23 16:27:16,2022-06-23 16:27:16,MOVE_POINT
40.6070899,-73.9687517,2022-06-23 16:27:17,2022-06-23 16:27:17,MOVE_POINT
40.6070865,-73.9687155,2022-06-23 16:27:18,2022-06-23 16:27:18,MOVE_POINT
40.6070891,-73.96866729999999,2022-06-23 16:27:19,2022-06-23 16:27:19,MOVE_POINT
40.6070921,-73.9686031,2022-06-23 16:27:20,2022-06-23 16:27:20,MOVE_POINT
40.6070971,-73.9685228,2022-06-23 16:27:21,2022-06-23 16:27:21,MOVE_POINT
40.6071112,-73.96842939999999,2022-06-23 16:27:22,2022-06-23 16:27:22,MOVE_POINT
40.6071245,-73.96830589999999,2022-06-23 16:27:23,2022-06-23 16:27:23,MOVE_POINT
40.607139,-73.96818669999999,2022-06-23 16:27:24,2022-06-23 16:27:24,MOVE_POINT
40.6071545,-73.9680757,2022-06-23 16:27:25,2022-06-23 16:27:25,MOVE_POINT
40.6071682,-73.9679702,2022-06-23 16:27:26,2022-06-23 16:27:26,MOVE_POINT
40.6071782,-73.9678787,2022-06-23 16:27:27,2022-06-23 16:27:27,MOVE_POINT
40.6071861,-73.9677803,2022-06-23 16:27:28,2022-06-23 16:27:28,MOVE_POINT
40.6071888,-73.9676776,2022-06-23 16:27:29,2022-06-23 16:27:29,MOVE_POINT
40.6071905,-73.9675638,2022-06-23 16:27:30,2022-06-23 16:27:30,MOVE_POINT
40.6071967,-73.967471,2022-06-23 16:27:31,2022-06-23 16:27:31,MOVE_POINT
40.6072101,-73.9673519,2022-06-23 16:27:32,2022-06-23 16:27:32,MOVE_POINT
40.6072256,-73.9672382,2022-06-23 16:27:33,2022-06-23 16:27:33,MOVE_POINT
40.6072448,-73.9671154,2022-06-23 16:27:34,2022-06-23 16:27:34,MOVE_POINT
40.6072643,-73.9669861,2022-06-23 16:27:35,2022-06-23 16:27:35,MOVE_POINT
40.6072813,-73.96685219999999,2022-06-23 16:27:36,2022-06-23 16:27:36,MOVE_POINT
40.6072963,-73.9667139,2022-06-23 16:27:37,2022-06-23 16:27:37,MOVE_POINT
40.6073112,-73.96657909999999,2022-06-23 16:27:38,2022-06-23 16:27:38,MOVE_POINT
40.6073244,-73.96646129999999,2022-06-23 16:27:39,2022-06-23 16:27:39,MOVE_POINT
40.6073388,-73.966325,2022-06-23 16:27:40,2022-06-23 16:27:40,MOVE_POINT
40.6073483,-73.96623149999999,2022-06-23 16:27:41,2022-06-23 16:27:41,MOVE_POINT
40.6073568,-73.9661501,2022-06-23 16:27:42,2022-06-23 16:27:42,MOVE_POINT
40.6073623,-73.96609029999999,2022-06-23 16:27:43,2022-06-23 16:27:43,MOVE_POINT
40.6073649,-73.9660548,2022-06-23 16:27:44,2022-06-23 16:27:44,MOVE_POINT
40.6073663,-73.9660407,2022-06-23 16:27:45,2022-06-23 16:27:45,MOVE_POINT
40.6073666,-73.96603549999999,2022-06-23 16:27:46,2022-06-23 16:27:46,MOVE_POINT
40.607367,-73.9660341,2022-06-23 16:27:47,2022-06-23 16:27:47,MOVE_POINT
40.6073672,-73.9660323,2022-06-23 16:27:48,2022-06-23 16:27:48,MOVE_POINT
40.6073673,-73.9660313,2022-06-23 16:27:49,2022-06-23 16:27:49,MOVE_POINT
40.607367,-73.9660299,2022-06-23 16:27:50,2022-06-23 16:27:50,MOVE_POINT
40.6073668,-73.9660287,2022-06-23 16:27:51,2022-06-23 16:27:51,MOVE_POINT
40.6073667,-73.9660269,2022-06-23 16:27:52,2022-06-23 16:27:52,MOVE_POINT
40.6073669,-73.9660257,2022-06-23 16:27:53,2022-06-23 16:27:53,MOVE_POINT
40.6073672,-73.9660237,2022-06-23 16:27:54,2022-06-23 16:27:54,MOVE_POINT
40.6073666,-73.9660212,2022-06-23 16:27:55,2022-06-23 16:27:55,MOVE_POINT
40.6073662,-73.9660191,2022-06-23 16:27:56,2022-06-23 16:27:56,MOVE_POINT
40.6073663,-73.9660178,2022-06-23 16:27:57,2022-06-23 16:27:57,MOVE_POINT
40.6073659,-73.9660165,2022-06-23 16:27:58,2022-06-23 16:27:58,MOVE_POINT
40.6073653,-73.9660154,2022-06-23 16:27:59,2022-06-23 16:27:59,MOVE_POINT
40.6073643,-73.96601439999999,2022-06-23 16:28:00,2022-06-23 16:28:00,MOVE_POINT
40.6073628,-73.9660123,2022-06-23 16:28:01,2022-06-23 16:28:01,MOVE_POINT
40.6073623,-73.9660112,2022-06-23 16:28:02,2022-06-23 16:28:02,MOVE_POINT
40.6073626,-73.96600819999999,2022-06-23 16:28:03,2022-06-23 16:28:03,MOVE_POINT
40.6073632,-73.96600459999999,2022-06-23 16:28:04,2022-06-23 16:28:04,MOVE_POINT
40.6073633,-73.9660014,2022-06-23 16:28:05,2022-06-23 16:28:05,MOVE_POINT
40.6073632,-73.9659978,2022-06-23 16:28:06,2022-06-23 16:28:06,MOVE_POINT
40.6073632,-73.9659945,2022-06-23 16:28:07,2022-06-23 16:28:07,MOVE_POINT
40.6073635,-73.9659925,2022-06-23 16:28:08,2022-06-23 16:28:08,MOVE_POINT
40.6073634,-73.9659908,2022-06-23 16:28:09,2022-06-23 16:28:09,MOVE_POINT
40.6073635,-73.9659894,2022-06-23 16:28:10,2022-06-23 16:28:10,MOVE_POINT
40.607364,-73.9659873,2022-06-23 16:28:11,2022-06-23 16:28:11,MOVE_POINT
40.6073651,-73.96597419999999,2022-06-23 16:28:12,2022-06-23 16:28:12,MOVE_POINT
40.6073687,-73.9659368,2022-06-23 16:28:13,2022-06-23 16:28:13,MOVE_POINT
40.6073737,-73.9658827,2022-06-23 16:28:14,2022-06-23 16:28:14,MOVE_POINT
40.6073794,-73.9658223,2022-06-23 16:28:15,2022-06-23 16:28:15,MOVE_POINT
40.607388,-73.965741,2022-06-23 16:28:16,2022-06-23 16:28:16,MOVE_POINT
40.6073966,-73.9656495,2022-06-23 16:28:17,2022-06-23 16:28:17,MOVE_POINT
40.6074063,-73.96554809999999,2022-06-23 16:28:18,2022-06-23 16:28:18,MOVE_POINT
40.6074164,-73.9654369,2022-06-23 16:28:19,2022-06-23 16:28:19,MOVE_POINT
40.6074296,-73.9653198,2022-06-23 16:28:20,2022-06-23 16:28:20,MOVE_POINT
40.6074437,-73.9651978,2022-06-23 16:28:21,2022-06-23 16:28:21,MOVE_POINT
40.6074569,-73.9650741,2022-06-23 16:28:22,2022-06-23 16:28:22,MOVE_POINT
40.60747,-73.96495949999999,2022-06-23 16:28:23,2022-06-23 16:28:23,MOVE_POINT
40.6074817,-73.9648564,2022-06-23 16:28:24,2022-06-23 16:28:24,MOVE_POINT
40.6074923,-73.9647639,2022-06-23 16:28:25,2022-06-23 16:28:25,MOVE_POINT
40.6075011,-73.9646803,2022-06-23 16:28:26,2022-06-23 16:28:26,MOVE_POINT
40.6075099,-73.9646068,2022-06-23 16:28:27,2022-06-23 16:28:27,MOVE_POINT
40.6075162,-73.9645422,2022-06-23 16:28:28,2022-06-23 16:28:28,MOVE_POINT
40.60753411818182,-73.96438506363636,2022-06-23 16:28:29,2022-06-23 16:28:39,STOP
40.6075648,-73.9641752,2022-06-23 16:28:40,2022-06-23 16:28:40,MOVE_POINT
40.6075682,-73.96411189999999,2022-06-23 16:28:41,2022-06-23 16:28:41,MOVE_POINT
40.6075723,-73.9640673,2022-06-23 16:28:42,2022-06-23 16:28:42,MOVE_POINT
40.6075761,-73.9640417,2022-06-23 16:28:43,2022-06-23 16:28:43,MOVE_POINT
40.6075785,-73.9640295,2022-06-23 16:28:44,2022-06-23 16:28:44,MOVE_POINT
40.6075811,-73.96402379999999,2022-06-23 16:28:45,2022-06-23 16:28:45,MOVE_POINT
40.6075832,-73.964024,2022-06-23 16:28:46,2022-06-23 16:28:46,MOVE_POINT
40.6075844,-73.96402359999999,2022-06-23 16:28:47,2022-06-23 16:28:47,MOVE_POINT
40.6075859,-73.9640235,2022-06-23 16:28:48,2022-06-23 16:28:48,MOVE_POINT
40.6075864,-73.9640237,2022-06-23 16:28:49,2022-06-23 16:28:49,MOVE_POINT
40.6075887,-73.9640234,2022-06-23 16:28:50,2022-06-23 16:28:50,MOVE_POINT
40.6075905,-73.9640232,2022-06-23 16:28:51,2022-06-23 16:28:51,MOVE_POINT
40.607596718749996,-73.96401834374998,2022-06-23 16:28:52,2022-06-23 16:29:07,STOP
40.6076001,-73.96400419999999,2022-06-23 16:29:08,2022-06-23 16:29:08,MOVE_POINT
40.6076005,-73.96400179999999,2022-06-23 16:29:09,2022-06-23 16:29:09,MOVE_POINT
40.6076007,-73.96399269999999,2022-06-23 16:29:10,2022-06-23 16:29:10,MOVE_POINT
40.6076023,-73.9639649,2022-06-23 16:29:11,2022-06-23 16:29:11,MOVE_POINT
40.6076073,-73.9639057,2022-06-23 16:29:12,2022-06-23 16:29:12,MOVE_POINT
40.6076121,-73.9638435,2022-06-23 16:29:13,2022-06-23 16:29:13,MOVE_POINT
40.6076193,-73.96376529999999,2022-06-23 16:29:14,2022-06-23 16:29:14,MOVE_POINT
40.607628,-73.9636898,2022-06-23 16:29:15,2022-06-23 16:29:15,MOVE_POINT
40.6076337,-73.96362119999999,2022-06-23 16:29:16,2022-06-23 16:29:16,MOVE_POINT
40.6076407,-73.9635648,2022-06-23 16:29:17,2022-06-23 16:29:17,MOVE_POINT
40.6076448,-73.9635128,2022-06-23 16:29:18,2022-06-23 16:29:18,MOVE_POINT
40.6076511,-73.9634612,2022-06-23 16:29:19,2022-06-23 16:29:19,MOVE_POINT
40.6076553,-73.96340889999999,2022-06-23 16:29:20,2022-06-23 16:29:20,MOVE_POINT
40.6076634,-73.9633489,2022-06-23 16:29:21,2022-06-23 16:29:21,MOVE_POINT
40.6076751,-73.9632795,2022-06-23 16:29:22,2022-06-23 16:29:22,MOVE_POINT
40.6076841,-73.96321139999999,2022-06-23 16:29:23,2022-06-23 16:29:23,MOVE_POINT
40.6076944,-73.96316019999999,2022-06-23 16:29:24,2022-06-23 16:29:24,MOVE_POINT
40.6077058,-73.9631114,2022-06-23 16:29:25,2022-06-23 16:29:25,MOVE_POINT
40.6077162,-73.9630719,2022-06-23 16:29:26,2022-06-23 16:29:26,MOVE_POINT
40.6077272,-73.9630402,2022-06-23 16:29:27,2022-06-23 16:29:27,MOVE_POINT
40.607738,-73.9630188,2022-06-23 16:29:28,2022-06-23 16:29:28,MOVE_POINT
40.6077601,-73.9629996,2022-06-23 16:29:29,2022-06-23 16:29:29,MOVE_POINT
40.6077827,-73.9629994,2022-06-23 16:29:30,2022-06-23 16:29:30,MOVE_POINT
40.6078056,-73.9630052,2022-06-23 16:29:31,2022-06-23 16:29:31,MOVE_POINT
40.6078369,-73.9630105,2022-06-23 16:29:32,2022-06-23 16:29:32,MOVE_POINT
40.6078904,-73.9630234,2022-06-23 16:29:33,2022-06-23 16:29:33,MOVE_POINT
40.6079385,-73.9630354,2022-06-23 16:29:34,2022-06-23 16:29:34,MOVE_POINT
40.6079989,-73.96304909999999,2022-06-23 16:29:35,2022-06-23 16:29:35,MOVE_POINT
40.6080521,-73.9630614,2022-06-23 16:29:36,2022-06-23 16:29:36,MOVE_POINT
40.6081059,-73.9630755,2022-06-23 16:29:37,2022-06-23 16:29:37,MOVE_POINT
40.6081602,-73.9630827,2022-06-23 16:29:38,2022-06-23 16:29:38,MOVE_POINT
40.6082014,-73.96309149999999,2022-06-23 16:29:39,2022-06-23 16:29:39,MOVE_POINT
40.6082248,-73.96310799999999,2022-06-23 16:29:40,2022-06-23 16:29:40,MOVE_POINT
40.6082471,-73.9631149,2022-06-23 16:29:41,2022-06-23 16:29:41,MOVE_POINT
40.608286,-73.9631224,2022-06-23 16:29:42,2022-06-23 16:29:42,MOVE_POINT
40.6083248,-73.9631318,2022-06-23 16:29:43,2022-06-23 16:29:43,MOVE_POINT
40.6083661,-73.9631417,2022-06-23 16:29:44,2022-06-23 16:29:44,MOVE_POINT
40.6084018,-73.96314869999999,2022-06-23 16:29:45,2022-06-23 16:29:45,MOVE_POINT
40.608449,-73.9631601,2022-06-23 16:29:46,2022-06-23 16:29:46,MOVE_POINT
40.6084856,-73.96316809999999,2022-06-23 16:29:47,2022-06-23 16:29:47,MOVE_POINT
40.6085193,-73.9631714,2022-06-23 16:29:48,2022-06-23 16:29:48,MOVE_POINT
40.6085494,-73.9631723,2022-06-23 16:29:49,2022-06-23 16:29:49,MOVE_POINT
40.6085768,-73.9631699,2022-06-23 16:29:50,2022-06-23 16:29:50,MOVE_POINT
40.6086053,-73.9631744,2022-06-23 16:29:51,2022-06-23 16:29:51,MOVE_POINT
40.6086394,-73.9631824,2022-06-23 16:29:52,2022-06-23 16:29:52,MOVE_POINT
40.6086858,-73.9631923,2022-06-23 16:29:53,2022-06-23 16:29:53,MOVE_POINT
40.6087421,-73.963201,2022-06-23 16:29:54,2022-06-23 16:29:54,MOVE_POINT
40.6087987,-73.9632132,2022-06-23 16:29:55,2022-06-23 16:29:55,MOVE_POINT
40.6088494,-73.963223,2022-06-23 16:29:56,2022-06-23 16:29:56,MOVE_POINT
40.6089037,-73.96323389999999,2022-06-23 16:29:57,2022-06-23 16:29:57,MOVE_POINT
40.6089423,-73.9632396,2022-06-23 16:29:58,2022-06-23 16:29:58,MOVE_POINT
40.6089699,-73.9632433,2022-06-23 16:29:59,2022-06-23 16:29:59,MOVE_POINT
40.6089935,-73.9632462,2022-06-23 16:30:00,2022-06-23 16:30:00,MOVE_POINT
40.6090171,-73.9632446,2022-06-23 16:30:01,2022-06-23 16:30:01,MOVE_POINT
40.6090539,-73.9632482,2022-06-23 16:30:02,2022-06-23 16:30:02,MOVE_POINT
40.6091001,-73.9632553,2022-06-23 16:30:03,2022-06-23 16:30:03,MOVE_POINT
40.609149,-73.96326789999999,2022-06-23 16:30:04,2022-06-23 16:30:04,MOVE_POINT
40.6092251,-73.9632833,2022-06-23 16:30:05,2022-06-23 16:30:05,MOVE_POINT
40.6092983,-73.96329659999999,2022-06-23 16:30:06,2022-06-23 16:30:06,MOVE_POINT
40.6093822,-73.9633115,2022-06-23 16:30:07,2022-06-23 16:30:07,MOVE_POINT
40.6094687,-73.96333,2022-06-23 16:30:08,2022-06-23 16:30:08,MOVE_POINT
40.6095382,-73.963351,2022-06-23 16:30:09,2022-06-23 16:30:09,MOVE_POINT
40.6095958,-73.9633635,2022-06-23 16:30:10,2022-06-23 16:30:10,MOVE_POINT
40.6096442,-73.9633676,2022-06-23 16:30:11,2022-06-23 16:30:11,MOVE_POINT
40.6096767,-73.96336649999999,2022-06-23 16:30:12,2022-06-23 16:30:12,MOVE_POINT
40.6096979,-73.9633624,2022-06-23 16:30:13,2022-06-23 16:30:13,MOVE_POINT
40.6097145,-73.9633533,2022-06-23 16:30:14,2022-06-23 16:30:14,MOVE_POINT
40.6097303,-73.963343,2022-06-23 16:30:15,2022-06-23 16:30:15,MOVE_POINT
40.6097462,-73.96332919999999,2022-06-23 16:30:16,2022-06-23 16:30:16,MOVE_POINT
40.6097604,-73.9633025,2022-06-23 16:30:17,2022-06-23 16:30:17,MOVE_POINT
40.609778,-73.9632697,2022-06-23 16:30:18,2022-06-23 16:30:18,MOVE_POINT
40.6097956,-73.9632201,2022-06-23 16:30:19,2022-06-23 16:30:19,MOVE_POINT
40.6098118,-73.9631714,2022-06-23 16:30:20,2022-06-23 16:30:20,MOVE_POINT
40.6098283,-73.9631059,2022-06-23 16:30:21,2022-06-23 16:30:21,MOVE_POINT
40.6098429,-73.9630354,2022-06-23 16:30:22,2022-06-23 16:30:22,MOVE_POINT
40.6098532,-73.96298089999999,2022-06-23 16:30:23,2022-06-23 16:30:23,MOVE_POINT
40.6098634,-73.9629459,2022-06-23 16:30:24,2022-06-23 16:30:24,MOVE_POINT
40.6098688,-73.9629221,2022-06-23 16:30:25,2022-06-23 16:30:25,MOVE_POINT
40.6098705,-73.9629121,2022-06-23 16:30:26,2022-06-23 16:30:26,MOVE_POINT
40.6098722,-73.9629034,2022-06-23 16:30:27,2022-06-23 16:30:27,MOVE_POINT
40.6098752,-73.962896,2022-06-23 16:30:28,2022-06-23 16:30:28,MOVE_POINT
40.6098786,-73.9628911,2022-06-23 16:30:29,2022-06-23 16:30:29,MOVE_POINT
40.6098809,-73.9628875,2022-06-23 16:30:30,2022-06-23 16:30:30,MOVE_POINT
40.609884,-73.9628851,2022-06-23 16:30:31,2022-06-23 16:30:31,MOVE_POINT
40.6098865,-73.9628846,2022-06-23 16:30:32,2022-06-23 16:30:32,MOVE_POINT
40.6098893,-73.9628845,2022-06-23 16:30:33,2022-06-23 16:30:33,MOVE_POINT
40.6098921,-73.96288419999999,2022-06-23 16:30:34,2022-06-23 16:30:34,MOVE_POINT
40.6098952,-73.9628834,2022-06-23 16:30:35,2022-06-23 16:30:35,MOVE_POINT
40.6098975,-73.96288299999999,2022-06-23 16:30:36,2022-06-23 16:30:36,MOVE_POINT
40.6099015,-73.96288229999999,2022-06-23 16:30:37,2022-06-23 16:30:37,MOVE_POINT
40.6099046,-73.9628819,2022-06-23 16:30:38,2022-06-23 16:30:38,MOVE_POINT
40.6099071,-73.9628809,2022-06-23 16:30:39,2022-06-23 16:30:39,MOVE_POINT
40.6099098,-73.96287819999999,2022-06-23 16:30:40,2022-06-23 16:30:40,MOVE_POINT
40.609912,-73.96287389999999,2022-06-23 16:30:41,2022-06-23 16:30:41,MOVE_POINT
40.6099147,-73.9628702,2022-06-23 16:30:42,2022-06-23 16:30:42,MOVE_POINT
40.6099162,-73.9628669,2022-06-23 16:30:43,2022-06-23 16:30:43,MOVE_POINT
40.6099183,-73.96286479999999,2022-06-23 16:30:44,2022-06-23 16:30:44,MOVE_POINT
40.6099195,-73.962864,2022-06-23 16:30:45,2022-06-23 16:30:45,MOVE_POINT
40.6099197,-73.96286309999999,2022-06-23 16:30:46,2022-06-23 16:30:46,MOVE_POINT
40.6099196,-73.962862,2022-06-23 16:30:47,2022-06-23 16:30:47,MOVE_POINT
40.6099204,-73.9628608,2022-06-23 16:30:48,2022-06-23 16:30:48,MOVE_POINT
40.6099216,-73.96285929999999,2022-06-23 16:30:49,2022-06-23 16:30:49,MOVE_POINT
40.6099258,-73.9628571,2022-06-23 16:30:50,2022-06-23 16:30:50,MOVE_POINT
40.6099287,-73.96285499999999,2022-06-23 16:30:51,2022-06-23 16:30:51,MOVE_POINT
40.60993718333334,-73.962842775,2022-06-23 16:30:52,2022-06-23 16:31:03,STOP
40.6099451,-73.9627866,2022-06-23 16:31:04,2022-06-23 16:31:04,MOVE_POINT
40.6099508,-73.96274989999999,2022-06-23 16:31:05,2022-06-23 16:31:05,MOVE_POINT
40.6099582,-73.96270129999999,2022-06-23 16:31:06,2022-06-23 16:31:06,MOVE_POINT
40.6099639,-73.9626325,2022-06-23 16:31:07,2022-06-23 16:31:07,MOVE_POINT
40.6099687,-73.9625368,2022-06-23 16:31:08,2022-06-23 16:31:08,MOVE_POINT
40.6099766,-73.9624292,2022-06-23 16:31:09,2022-06-23 16:31:09,MOVE_POINT
40.6099867,-73.96231929999999,2022-06-23 16:31:10,2022-06-23 16:31:10,MOVE_POINT
40.6100055,-73.9621724,2022-06-23 16:31:11,2022-06-23 16:31:11,MOVE_POINT
40.6100217,-73.9620398,2022-06-23 16:31:12,2022-06-23 16:31:12,MOVE_POINT
40.6100417,-73.96186589999999,2022-06-23 16:31:13,2022-06-23 16:31:13,MOVE_POINT
40.6100594,-73.961702,2022-06-23 16:31:14,2022-06-23 16:31:14,MOVE_POINT
40.6100753,-73.9615561,2022-06-23 16:31:15,2022-06-23 16:31:15,MOVE_POINT
40.6100934,-73.9613974,2022-06-23 16:31:16,2022-06-23 16:31:16,MOVE_POINT
40.6101113,-73.96124619999999,2022-06-23 16:31:17,2022-06-23 16:31:17,MOVE_POINT
40.6101262,-73.9611046,2022-06-23 16:31:18,2022-06-23 16:31:18,MOVE_POINT
40.6101382,-73.96096899999999,2022-06-23 16:31:19,2022-06-23 16:31:19,MOVE_POINT
40.6101524,-73.960827,2022-06-23 16:31:20,2022-06-23 16:31:20,MOVE_POINT
40.6101644,-73.9607125,2022-06-23 16:31:21,2022-06-23 16:31:21,MOVE_POINT
40.6101767,-73.960584,2022-06-23 16:31:22,2022-06-23 16:31:22,MOVE_POINT
40.6101884,-73.9604584,2022-06-23 16:31:23,2022-06-23 16:31:23,MOVE_POINT
40.6102025,-73.9603245,2022-06-23 16:31:24,2022-06-23 16:31:24,MOVE_POINT
40.610214,-73.9602179,2022-06-23 16:31:25,2022-06-23 16:31:25,MOVE_POINT
40.6102245,-73.9600962,2022-06-23 16:31:26,2022-06-23 16:31:26,MOVE_POINT
40.6102359,-73.9599708,2022-06-23 16:31:27,2022-06-23 16:31:27,MOVE_POINT
40.610247,-73.9598559,2022-06-23 16:31:28,2022-06-23 16:31:28,MOVE_POINT
40.6102568,-73.9597627,2022-06-23 16:31:29,2022-06-23 16:31:29,MOVE_POINT
40.6102637,-73.9596964,2022-06-23 16:31:30,2022-06-23 16:31:30,MOVE_POINT
40.6102681,-73.9596566,2022-06-23 16:31:31,2022-06-23 16:31:31,MOVE_POINT
40.6102695,-73.9596409,2022-06-23 16:31:32,2022-06-23 16:31:32,MOVE_POINT
40.6102695,-73.9596371,2022-06-23 16:31:33,2022-06-23 16:31:33,MOVE_POINT
40.6102691,-73.9596364,2022-06-23 16:31:34,2022-06-23 16:31:34,MOVE_POINT
40.61026402307693,-73.95963421538463,2022-06-23 16:31:35,2022-06-23 16:31:47,STOP
40.6102588,-73.959638,2022-06-23 16:31:48,2022-06-23 16:31:48,MOVE_POINT
40.6102581,-73.959639,2022-06-23 16:31:49,2022-06-23 16:31:49,MOVE_POINT
40.610257,-73.9596402,2022-06-23 16:31:50,2022-06-23 16:31:50,MOVE_POINT
40.6102561,-73.95964099999999,2022-06-23 16:31:51,2022-06-23 16:31:51,MOVE_POINT
40.61025079166666,-73.95963890555555,2022-06-23 16:31:52,2022-06-23 16:32:09,STOP
40.6102518,-73.95959979999999,2022-06-23 16:32:10,2022-06-23 16:32:10,MOVE_POINT
40.6102577,-73.95955289999999,2022-06-23 16:32:11,2022-06-23 16:32:11,MOVE_POINT
40.610265,-73.9594919,2022-06-23 16:32:12,2022-06-23 16:32:12,MOVE_POINT
40.6102755,-73.9594182,2022-06-23 16:32:13,2022-06-23 16:32:13,MOVE_POINT
40.6102879,-73.9593235,2022-06-23 16:32:14,2022-06-23 16:32:14,MOVE_POINT
40.6102996,-73.9592268,2022-06-23 16:32:15,2022-06-23 16:32:15,MOVE_POINT
40.6103111,-73.95911989999999,2022-06-23 16:32:16,2022-06-23 16:32:16,MOVE_POINT
40.6103224,-73.9590051,2022-06-23 16:32:17,2022-06-23 16:32:17,MOVE_POINT
40.6103329,-73.9589037,2022-06-23 16:32:18,2022-06-23 16:32:18,MOVE_POINT
40.6103443,-73.9587956,2022-06-23 16:32:19,2022-06-23 16:32:19,MOVE_POINT
40.610356,-73.9586896,2022-06-23 16:32:20,2022-06-23 16:32:20,MOVE_POINT
40.6103702,-73.95857219999999,2022-06-23 16:32:21,2022-06-23 16:32:21,MOVE_POINT
40.6103808,-73.958468,2022-06-23 16:32:22,2022-06-23 16:32:22,MOVE_POINT
40.6103931,-73.95836299999999,2022-06-23 16:32:23,2022-06-23 16:32:23,MOVE_POINT
40.6104056,-73.9582559,2022-06-23 16:32:24,2022-06-23 16:32:24,MOVE_POINT
40.6104167,-73.9581573,2022-06-23 16:32:25,2022-06-23 16:32:25,MOVE_POINT
40.6104375,-73.9580349,2022-06-23 16:32:26,2022-06-23 16:32:26,MOVE_POINT
40.6104457,-73.95794459999999,2022-06-23 16:32:27,2022-06-23 16:32:27,MOVE_POINT
40.610458,-73.9578269,2022-06-23 16:32:28,2022-06-23 16:32:28,MOVE_POINT
40.6104679,-73.957728,2022-06-23 16:32:29,2022-06-23 16:32:29,MOVE_POINT
40.6104822,-73.9576013,2022-06-23 16:32:30,2022-06-23 16:32:30,MOVE_POINT
40.6104952,-73.957493,2022-06-23 16:32:31,2022-06-23 16:32:31,MOVE_POINT
40.6105101,-73.9573654,2022-06-23 16:32:32,2022-06-23 16:32:32,MOVE_POINT
40.6105259,-73.9572338,2022-06-23 16:32:33,2022-06-23 16:32:33,MOVE_POINT
40.610541,-73.9571064,2022-06-23 16:32:34,2022-06-23 16:32:34,MOVE_POINT
40.6105534,-73.9569873,2022-06-23 16:32:35,2022-06-23 16:32:35,MOVE_POINT
40.6105638,-73.9568717,2022-06-23 16:32:36,2022-06-23 16:32:36,MOVE_POINT
40.6105739,-73.9567612,2022-06-23 16:32:37,2022-06-23 16:32:37,MOVE_POINT
40.610585,-73.9566419,2022-06-23 16:32:38,2022-06-23 16:32:38,MOVE_POINT
40.6105965,-73.95653039999999,2022-06-23 16:32:39,2022-06-23 16:32:39,MOVE_POINT
40.6106092,-73.9564157,2022-06-23 16:32:40,2022-06-23 16:32:40,MOVE_POINT
40.6106224,-73.9563027,2022-06-23 16:32:41,2022-06-23 16:32:41,MOVE_POINT
40.6106316,-73.9561983,2022-06-23 16:32:42,2022-06-23 16:32:42,MOVE_POINT
40.6106417,-73.9560984,2022-06-23 16:32:43,2022-06-23 16:32:43,MOVE_POINT
40.6106537,-73.9559958,2022-06-23 16:32:44,2022-06-23 16:32:44,MOVE_POINT
40.6106668,-73.9558878,2022-06-23 16:32:45,2022-06-23 16:32:45,MOVE_POINT
40.6106815,-73.9557761,2022-06-23 16:32:46,2022-06-23 16:32:46,MOVE_POINT
40.6106954,-73.95567249999999,2022-06-23 16:32:47,2022-06-23 16:32:47,MOVE_POINT
40.61071,-73.95556069999999,2022-06-23 16:32:48,2022-06-23 16:32:48,MOVE_POINT
40.6107208,-73.955461,2022-06-23 16:32:49,2022-06-23 16:32:49,MOVE_POINT
40.6107296,-73.9553761,2022-06-23 16:32:50,2022-06-23 16:32:50,MOVE_POINT
40.6107356,-73.9553215,2022-06-23 16:32:51,2022-06-23 16:32:51,MOVE_POINT
40.6107405,-73.95528019999999,2022-06-23 16:32:52,2022-06-23 16:32:52,MOVE_POINT
40.6107443,-73.95524809999999,2022-06-23 16:32:53,2022-06-23 16:32:53,MOVE_POINT
40.610747,-73.9552101,2022-06-23 16:32:54,2022-06-23 16:32:54,MOVE_POINT
40.6107485,-73.9551731,2022-06-23 16:32:55,2022-06-23 16:32:55,MOVE_POINT
40.6107484,-73.9551305,2022-06-23 16:32:56,2022-06-23 16:32:56,MOVE_POINT
40.61074713571429,-73.95500723571426,2022-06-23 16:32:57,2022-06-23 16:33:10,STOP
40.6107632,-73.9548184,2022-06-23 16:33:11,2022-06-23 16:33:11,MOVE_POINT
40.610784591666665,-73.95471070833331,2022-06-23 16:33:12,2022-06-23 16:33:23,STOP
40.6108064,-73.9545687,2022-06-23 16:33:24,2022-06-23 16:33:24,MOVE_POINT
40.61081,-73.954531,2022-06-23 16:33:25,2022-06-23 16:33:25,MOVE_POINT
40.6108114,-73.9545112,2022-06-23 16:33:26,2022-06-23 16:33:26,MOVE_POINT
40.6108109,-73.9545077,2022-06-23 16:33:27,2022-06-23 16:33:27,MOVE_POINT
40.610811,-73.95450699999999,2022-06-23 16:33:28,2022-06-23 16:33:28,MOVE_POINT
40.6108115,-73.9545055,2022-06-23 16:33:29,2022-06-23 16:33:29,MOVE_POINT
40.6108123,-73.95450269999999,2022-06-23 16:33:30,2022-06-23 16:33:30,MOVE_POINT
40.6108132,-73.9544942,2022-06-23 16:33:31,2022-06-23 16:33:31,MOVE_POINT
40.6108146,-73.9544768,2022-06-23 16:33:32,2022-06-23 16:33:32,MOVE_POINT
40.6108169,-73.9544508,2022-06-23 16:33:33,2022-06-23 16:33:33,MOVE_POINT
40.6108194,-73.9544234,2022-06-23 16:33:34,2022-06-23 16:33:34,MOVE_POINT
40.6108216,-73.95439859999999,2022-06-23 16:33:35,2022-06-23 16:33:35,MOVE_POINT
40.6108234,-73.9543766,2022-06-23 16:33:36,2022-06-23 16:33:36,MOVE_POINT
40.6108245,-73.9543612,2022-06-23 16:33:37,2022-06-23 16:33:37,MOVE_POINT
40.6108258,-73.95434999999999,2022-06-23 16:33:38,2022-06-23 16:33:38,MOVE_POINT
40.6108265,-73.9543436,2022-06-23 16:33:39,2022-06-23 16:33:39,MOVE_POINT
40.6108265,-73.9543417,2022-06-23 16:33:40,2022-06-23 16:33:40,MOVE_POINT
40.61082294,-73.95433075,2022-06-23 16:33:41,2022-06-23 16:34:00,STOP
40.6108213,-73.9543182,2022-06-23 16:34:01,2022-06-23 16:34:01,MOVE_POINT
40.6108213,-73.95431649999999,2022-06-23 16:34:02,2022-06-23 16:34:02,MOVE_POINT
40.610821745,-73.95430799500001,2022-06-23 16:34:03,2022-06-23 16:34:22,STOP
40.610821,-73.95428729999999,2022-06-23 16:34:23,2022-06-23 16:34:23,MOVE_POINT
40.6108231,-73.95427579999999,2022-06-23 16:34:24,2022-06-23 16:34:24,MOVE_POINT
40.6108247,-73.95425329999999,2022-06-23 16:34:25,2022-06-23 16:34:25,MOVE_POINT
40.6108272,-73.95421499999999,2022-06-23 16:34:26,2022-06-23 16:34:26,MOVE_POINT
40.6108322,-73.9541625,2022-06-23 16:34:27,2022-06-23 16:34:27,MOVE_POINT
40.6108382,-73.9541045,2022-06-23 16:34:28,2022-06-23 16:34:28,MOVE_POINT
40.6108459,-73.9540342,2022-06-23 16:34:29,2022-06-23 16:34:29,MOVE_POINT
40.6108526,-73.9539574,2022-06-23 16:34:30,2022-06-23 16:34:30,MOVE_POINT
40.6108589,-73.9538914,2022-06-23 16:34:31,2022-06-23 16:34:31,MOVE_POINT
40.6108648,-73.9538278,2022-06-23 16:34:32,2022-06-23 16:34:32,MOVE_POINT
40.6108686,-73.9537723,2022-06-23 16:34:33,2022-06-23 16:34:33,MOVE_POINT
40.610871,-73.9537339,2022-06-23 16:34:34,2022-06-23 16:34:34,MOVE_POINT
40.61081827407407,-73.9536570037037,2022-06-23 16:34:35,2022-06-23 16:35:01,STOP
40.6107111,-73.95364359999999,2022-06-23 16:35:02,2022-06-23 16:35:02,MOVE_POINT
40.6106873,-73.95364479999999,2022-06-23 16:35:03,2022-06-23 16:35:03,MOVE_POINT
40.6106653,-73.9536517,2022-06-23 16:35:04,2022-06-23 16:35:04,MOVE_POINT
40.6106488,-73.95366779999999,2022-06-23 16:35:05,2022-06-23 16:35:05,MOVE_POINT
40.6106315,-73.9536932,2022-06-23 16:35:06,2022-06-23 16:35:06,MOVE_POINT
40.6106097,-73.95374129999999,2022-06-23 16:35:07,2022-06-23 16:35:07,MOVE_POINT
40.6105884,-73.953796,2022-06-23 16:35:08,2022-06-23 16:35:08,MOVE_POINT
40.6105596,-73.9538724,2022-06-23 16:35:09,2022-06-23 16:35:09,MOVE_POINT
40.6105245,-73.95396339999999,2022-06-23 16:35:10,2022-06-23 16:35:10,MOVE_POINT
40.610487,-73.9540667,2022-06-23 16:35:11,2022-06-23 16:35:11,MOVE_POINT
40.6104466,-73.95417789999999,2022-06-23 16:35:12,2022-06-23 16:35:12,MOVE_POINT
40.6104188,-73.9542652,2022-06-23 16:35:13,2022-06-23 16:35:13,MOVE_POINT
40.6103919,-73.95434639999999,2022-06-23 16:35:14,2022-06-23 16:35:14,MOVE_POINT
40.61037,-73.9544075,2022-06-23 16:35:15,2022-06-23 16:35:15,MOVE_POINT
40.6103543,-73.9544552,2022-06-23 16:35:16,2022-06-23 16:35:16,MOVE_POINT
40.6103481,-73.9544824,2022-06-23 16:35:17,2022-06-23 16:35:17,MOVE_POINT
40.6103412,-73.9545009,2022-06-23 16:35:18,2022-06-23 16:35:18,MOVE_POINT
40.6103378,-73.9545079,2022-06-23 16:35:19,2022-06-23 16:35:19,MOVE_POINT
40.6103371,-73.9545104,2022-06-23 16:35:20,2022-06-23 16:35:20,MOVE_POINT
40.6103376,-73.9545101,2022-06-23 16:35:21,2022-06-23 16:35:21,MOVE_POINT
40.6103378,-73.95450989999999,2022-06-23 16:35:22,2022-06-23 16:35:22,MOVE_POINT
40.6103376,-73.9545096,2022-06-23 16:35:23,2022-06-23 16:35:23,MOVE_POINT
