trajectory,strategy,n_stops,n_stop_points,avg_sed_m,max_sed_m,p95_sed_m,latency_us_per_stop,latency_us_per_point,latency_p25_us_per_point,latency_p75_us_per_point
4216956,centroid,5,547,4.980662720066846,24.359228448511498,11.6211145710699,18.18,0.16617915904936015,0.16288848263254113,0.17129798903107862
4216956,medoid,5,547,4.928560397181848,25.36689428814373,13.084152333680835,11329.74,103.56252285191955,75.33674588665447,103.61499085923218
4216956,snap_to_nearest,5,547,5.0054637009765495,24.26043690235572,11.91574773163459,48.080000000000005,0.43948811700182816,0.43290676416819013,0.46197440585009136
4216956,first_point,5,547,19.452767893937416,38.554928755352,33.03369136236621,2.72,0.02486288848263254,0.024314442413162708,0.02614259597806216
4272243,centroid,1,46,4.753396837633257,14.209508150983302,9.417553640156324,5.5,0.11956521739130435,0.11521739130434783,0.12608695652173912
4272243,medoid,1,46,4.665807588154257,13.21041278040429,10.631240349833321,528.4,11.48695652173913,11.419565217391304,11.491304347826087
4272243,snap_to_nearest,1,46,4.763643788699971,13.61765265337511,9.605173017151298,14.6,0.3173913043478261,0.3173913043478261,0.32608695652173914
4272243,first_point,1,46,10.552658886120913,23.54432794218293,16.786481472137893,1.9,0.041304347826086954,0.0391304347826087,0.041304347826086954
4344977,centroid,5,803,2.6614841448534676,18.403056548335016,9.249392879472836,21.14,0.13163138231631383,0.13150684931506848,0.1318804483188045
4344977,medoid,5,803,2.5665635653847843,18.349838422737186,9.320104926929604,10379.779999999999,64.63125778331258,61.282689912826896,89.87384806973847
4344977,snap_to_nearest,5,803,2.6658366250179135,18.408496343072837,9.246917731521133,74.42,0.463387297633873,0.4232876712328767,0.472478206724782
4344977,first_point,5,803,15.578239371891751,35.83447330518993,21.486084262827674,2.9600000000000004,0.018430884184308844,0.01830635118306351,0.018430884184308844
4350946,centroid,5,296,4.285742349991202,14.821691212300953,10.72444184754242,6.500000000000001,0.1097972972972973,0.10912162162162162,0.11047297297297298
4350946,medoid,5,296,4.21182295743637,14.497149869622918,11.279214555826954,1697.52,28.674324324324324,27.53445945945946,28.764189189189192
4350946,snap_to_nearest,5,296,4.302550430105987,14.712261955511169,10.525305635783653,34.660000000000004,0.585472972972973,0.3138513513513514,0.5966216216216216
4350946,first_point,5,296,12.247804000114668,26.483206674357685,21.150847373153393,3.4000000000000004,0.057432432432432436,0.05574324324324324,0.05878378378378378
4351935,centroid,5,406,3.312979795546846,15.550702693618812,9.734907130609141,13.14,0.16182266009852217,0.14655172413793102,0.16354679802955666
4351935,medoid,5,406,3.2758714405243414,15.084574748286522,9.720328155833327,3548.8199999999997,43.70467980295566,41.85541871921182,44.80295566502463
4351935,snap_to_nearest,5,406,3.31767377049631,15.084574748286522,9.678918884542552,23.28,0.28669950738916256,0.2864532019704433,0.2997536945812808
4351935,first_point,5,406,12.510273669632692,29.27938218733435,18.313026158657507,2.44,0.03004926108374384,0.029310344827586206,0.03004926108374384
4352377,centroid,4,288,2.6066931503635766,13.694436387793449,9.087614915005997,11.55,0.16041666666666668,0.159375,0.16319444444444445
4352377,medoid,4,288,2.5068468506164767,13.909736242859523,9.257504312655646,3523.8,48.94166666666667,47.17604166666667,52.118750000000006
4352377,snap_to_nearest,4,288,2.5341391751177946,13.909736242859523,9.231937085981368,40.725,0.565625,0.5545138888888889,0.6006944444444444
4352377,first_point,4,288,12.86078379533686,26.649777220424326,15.205537141502923,3.175,0.04409722222222222,0.04375,0.04513888888888889
4358853,centroid,3,138,4.797848531581794,13.588508822183494,9.708710918977651,10.733333333333334,0.23333333333333336,0.22681159420289856,0.23768115942028983
4358853,medoid,3,138,4.69387071740032,14.913163457616088,10.798209450690871,852.8666666666666,18.540579710144925,18.343478260869567,19.254347826086956
4358853,snap_to_nearest,3,138,4.706912837702226,14.913163457616088,10.791060139025713,14.766666666666666,0.32101449275362315,0.3159420289855073,0.41231884057971013
4358853,first_point,3,138,12.38444999664248,23.154601517503718,19.791001947442147,3.2666666666666666,0.07101449275362319,0.06521739130434782,0.07318840579710145
4359232,centroid,2,91,1.7802518346970853,14.863578515506497,8.425289156223942,5.45,0.11978021978021978,0.11978021978021978,0.12197802197802197
4359232,medoid,2,91,1.781299353536015,15.133694253371498,8.8589474234758,724.65,15.926373626373627,14.075824175824177,17.524175824175824
4359232,snap_to_nearest,2,91,1.8174767120483173,15.028877110979591,8.255525189714394,37.6,0.8263736263736264,0.8241758241758241,0.8285714285714286
4359232,first_point,2,91,12.08328160856725,27.05033148924634,16.364086054909443,3.4,0.07472527472527472,0.07362637362637363,0.08021978021978021
4370045,centroid,3,253,4.451401300978658,20.14282244913261,9.139099787352912,10.533333333333333,0.12490118577075099,0.12450592885375494,0.12648221343873517
4370045,medoid,3,253,4.314955890563546,23.934589467101116,11.579498698019865,4636.166666666666,54.97430830039526,53.76600790513834,55.37154150197628
4370045,snap_to_nearest,3,253,4.532999064099411,19.29083185777995,9.797139469534715,50.46666666666666,0.5984189723320158,0.5905138339920949,0.6229249011857707
4370045,first_point,3,253,14.456414109115283,35.654068735017475,23.2075518622462,3.3000000000000003,0.0391304347826087,0.038735177865612654,0.039525691699604744
4389353,centroid,4,188,2.4115998461886634,12.209968896399316,8.740853182663226,10.85,0.23085106382978723,0.23085106382978723,0.23138297872340424
4389353,medoid,4,188,2.2589861156934625,13.224493718341849,9.260307505417982,1080.75,22.99468085106383,19.825531914893617,23.268085106382976
4389353,snap_to_nearest,4,188,2.431472142642318,12.51760295742846,8.772614961517581,28.15,0.5989361702127659,0.5936170212765958,0.6063829787234043
4389353,first_point,4,188,11.689328795932443,23.56591224459397,15.250459472325801,3.025,0.06436170212765957,0.06170212765957447,0.06542553191489361
4389414,centroid,5,223,2.4740249002824024,14.302160079944343,9.260065726058896,9.58,0.2147982062780269,0.21031390134529146,0.21614349775784755
4389414,medoid,5,223,2.3792422574777623,15.027684821572157,9.267034745479094,823.5000000000001,18.46412556053812,17.693273542600895,20.718385650224214
4389414,snap_to_nearest,5,223,2.449361703655267,14.826815508239205,8.879062797361561,18.86,0.42286995515695064,0.33004484304932735,0.4946188340807175
4389414,first_point,5,223,12.11488291213043,27.333976528575622,16.388966981952382,1.7,0.03811659192825112,0.03811659192825112,0.03991031390134529
4392729,centroid,3,174,3.0438202112683936,14.076827098961015,9.049635034126469,12.133333333333333,0.20919540229885056,0.20574712643678159,0.21264367816091953
4392729,medoid,3,174,3.0116677739376865,14.310847165313104,9.60234067848047,1666.6,28.73448275862069,28.650574712643678,29.01609195402299
4392729,snap_to_nearest,3,174,3.0751180758874286,14.200814528496423,9.145327021368509,36.93333333333333,0.6367816091954023,0.632183908045977,0.6385057471264367
4392729,first_point,3,174,13.652886696465247,27.617851440956372,20.02636158825502,3.666666666666667,0.06321839080459771,0.062068965517241385,0.06436781609195402
4393045,centroid,3,498,1.8825575624793178,15.99620889886948,4.756128931741398,21.699999999999996,0.13072289156626504,0.12730923694779117,0.13253012048192772
4393045,medoid,3,498,1.8449505504124646,16.218397787382823,5.153421144485345,16061.366666666667,96.75522088353414,95.57289156626507,101.13855421686748
4393045,snap_to_nearest,3,498,1.869282233280962,16.200318566021448,4.77044439586457,45.50000000000001,0.2740963855421687,0.27349397590361446,0.28714859437751006
4393045,first_point,3,498,14.726445066586495,30.058658393202435,16.92724880085313,3.6333333333333333,0.021887550200803213,0.021686746987951807,0.022289156626506025
4440451,centroid,2,111,1.7358308990885452,13.490973077221408,5.44997102142394,11.8,0.21261261261261263,0.20630630630630628,0.2153153153153153
4440451,medoid,2,111,1.7715777801341794,13.525772671147143,5.651637846937025,816.1,14.704504504504506,13.505405405405405,24.87657657657658
4440451,snap_to_nearest,2,111,1.7715777801341794,13.525772671147143,5.651637846937025,34.15,0.6153153153153152,0.6144144144144145,0.6243243243243243
4440451,first_point,2,111,12.518928656884382,23.848033990857246,14.754292149527656,2.15,0.03873873873873874,0.03873873873873874,0.04054054054054054
4443744,centroid,6,311,2.8122429527840107,13.3434495798614,8.951119143744265,9.616666666666667,0.18553054662379423,0.18360128617363344,0.18778135048231512
4443744,medoid,6,311,2.792140574374077,13.584381117757086,9.292411987502952,1304.8333333333333,25.173633440514468,25.070418006430867,25.231832797427654
4443744,snap_to_nearest,6,311,2.834519089501824,13.357581442075862,8.98961396807637,32.650000000000006,0.629903536977492,0.6263665594855305,0.6318327974276527
4443744,first_point,6,311,12.056360681583097,25.952087712611675,18.419784557771138,3.266666666666667,0.06302250803858521,0.06205787781350482,0.06430868167202572
4448887,centroid,6,333,2.399441880649607,14.535045144019579,9.22001818928655,9.533333333333333,0.17177177177177178,0.1714714714714715,0.17327327327327327
4448887,medoid,6,333,2.3170494783399063,14.362767131860087,9.223001130977147,1416.8666666666668,25.52912912912913,24.8012012012012,26.12762762762763
4448887,snap_to_nearest,6,333,2.4083247026781254,14.62191442156289,9.335072534878817,34.733333333333334,0.6258258258258258,0.6177177177177177,0.6306306306306306
4448887,first_point,6,333,11.113393983463984,26.608045607276,18.406110067459117,3.35,0.06036036036036036,0.05975975975975976,0.06216216216216216
4469551,centroid,3,158,4.702018724085504,16.710711041517136,10.872947358013636,9.766666666666667,0.18544303797468356,0.18227848101265823,0.1892405063291139
4469551,medoid,3,158,4.6634206998353065,16.455512941934497,11.04230088668338,1308.7333333333331,24.849367088607593,22.796835443037974,29.246835443037973
4469551,snap_to_nearest,3,158,4.690473516897647,16.75391999419589,10.919675312238942,17.633333333333333,0.3348101265822785,0.33354430379746836,0.33544303797468356
4469551,first_point,3,158,13.239368471538626,31.043117530387654,25.412381349515982,1.8333333333333333,0.03481012658227848,0.03417721518987342,0.03544303797468354
4472905,centroid,3,353,2.6122853551804983,14.752200368594833,8.16871316165054,9.533333333333335,0.08101983002832862,0.08073654390934844,0.08158640226628895
4472905,medoid,3,353,2.5504813014382446,14.472344961300603,8.623096622429342,6724.866666666666,57.151841359773364,38.52379603399433,62.66940509915014
4472905,snap_to_nearest,3,353,2.557038079823893,14.526807764637908,8.53027279099476,59.666666666666664,0.5070821529745042,0.3640226628895184,0.5501416430594901
4472905,first_point,3,353,13.448158008493547,27.610684360658713,17.14755182606224,2.6999999999999997,0.022946175637393765,0.021246458923512748,0.026628895184135977
4473229,centroid,4,227,1.6710082601066913,14.813849272861544,5.300186859778763,10.55,0.18590308370044054,0.18370044052863438,0.1894273127753304
4473229,medoid,4,227,1.6131030674233526,14.758961419860935,5.661936833792034,1411.375,24.870044052863435,23.464757709251103,25.503964757709248
4473229,snap_to_nearest,4,227,1.6499385869724406,14.871392892175086,5.514750764673503,33.975,0.5986784140969164,0.5845814977973568,0.6030837004405286
4473229,first_point,4,227,11.047165462499853,29.212309452819678,15.124370133247936,3.325,0.05859030837004406,0.05859030837004406,0.05903083700440529
4481970,centroid,2,148,4.1160387074735665,17.188128408171316,13.084552562788545,7.05,0.09527027027027027,0.09391891891891892,0.09662162162162162
4481970,medoid,2,148,4.07728539665162,18.894612480853553,13.89277190480505,2649.3000000000006,35.80135135135136,35.11824324324324,37.30067567567568
4481970,snap_to_nearest,2,148,4.138686830275307,17.74338925408248,13.506283316034821,40.05,0.5412162162162162,0.5391891891891891,0.5486486486486487
4481970,first_point,2,148,12.192798774414099,27.099508138267485,22.440960484514463,3.35,0.04527027027027027,0.04527027027027027,0.04594594594594594
4482888,centroid,0,0,nan,nan,nan,nan,nan,nan,nan
4482888,medoid,0,0,nan,nan,nan,nan,nan,nan,nan
4482888,snap_to_nearest,0,0,nan,nan,nan,nan,nan,nan,nan
4482888,first_point,0,0,nan,nan,nan,nan,nan,nan,nan
4487550,centroid,3,173,2.1184800515478277,13.977193111424544,8.600578113310146,11.233333333333334,0.1947976878612717,0.19248554913294796,0.1953757225433526
4487550,medoid,3,173,1.996879038753651,15.008356094320035,8.680746428717814,1639.1000000000001,28.42369942196532,22.80520231213873,29.832947976878614
4487550,snap_to_nearest,3,173,2.103606427630244,14.174899119104968,8.75322969158394,36.99999999999999,0.6416184971098265,0.638728323699422,0.6520231213872832
4487550,first_point,3,173,12.953127827249624,27.635163621922104,16.205098024374372,3.5666666666666664,0.061849710982658956,0.058959537572254334,0.0630057803468208
4487946,centroid,1,483,2.029515429545005,13.759654799612195,5.387013702320485,49.1,0.10165631469979296,0.10062111801242236,0.10496894409937889
4487946,medoid,1,483,1.9639898849061068,14.266056551159739,5.794652707983586,84935.8,175.85051759834369,171.8869565217391,180.17308488612838
4487946,snap_to_nearest,1,483,1.9864781339294915,13.98291477957499,5.43255380458989,130.9,0.2710144927536232,0.25817805383022774,0.28095238095238095
4487946,first_point,1,483,12.953044355181968,16.11019713525558,15.68567864058948,1.9,0.003933747412008281,0.003933747412008281,0.004140786749482402
4504164,centroid,5,285,2.8569061402123235,14.428454045419457,9.382862765727387,6.06,0.10631578947368421,0.10596491228070175,0.10701754385964912
4504164,medoid,5,285,2.7970082580596953,14.48989480632289,9.478063608768448,1508.4,26.46315789473684,25.98421052631579,27.352982456140353
4504164,snap_to_nearest,5,285,2.897366995169278,14.640053041813976,9.405842043937737,35.04,0.6147368421052631,0.6126315789473684,0.6224561403508773
4504164,first_point,5,285,11.234984487422418,28.673765385636223,19.84147383679716,3.18,0.05578947368421053,0.05578947368421053,0.05789473684210526
4527487,centroid,5,537,9.2388947345649,38.2091577554845,25.2793353041859,16.76,0.15605214152700186,0.15251396648044693,0.15735567970204842
4527487,medoid,5,537,8.203138165062386,44.75763733974838,31.8406666979504,9165.68,85.3415270018622,80.31508379888268,85.60167597765363
4527487,snap_to_nearest,5,537,9.411163061101066,38.04690741608878,24.99547071633046,54.160000000000004,0.5042830540037244,0.502048417132216,0.5098696461824954
4527487,first_point,5,537,26.670678496555563,59.964982480155854,49.76591215764604,2.9600000000000004,0.02756052141527002,0.02756052141527002,0.02811918063314711
4544584,centroid,3,132,2.719811751959031,12.638898592414455,7.972409945541667,5.733333333333333,0.1303030303030303,0.1303030303030303,0.1303030303030303
4544584,medoid,3,132,2.7131192108195994,12.876042930334174,9.083267977229212,550.2333333333333,12.50530303030303,12.388636363636364,12.724242424242423
4544584,snap_to_nearest,3,132,2.744077034000106,13.15815781352596,8.248924109676834,14.933333333333332,0.33939393939393936,0.3386363636363637,0.3416666666666667
4544584,first_point,3,132,11.134586736288513,23.67514525590877,14.915583552069958,2.833333333333333,0.06439393939393939,0.06136363636363636,0.06969696969696969
4547202,centroid,4,260,3.4728901891281247,15.191518826819483,10.50763578862776,13.55,0.20846153846153848,0.2069230769230769,0.20884615384615385
4547202,medoid,4,260,3.3666944569698027,15.83843620694603,11.246707049627716,1835.55,28.23923076923077,22.44846153846154,31.25653846153846
4547202,snap_to_nearest,4,260,3.4536699662085586,15.168287074312778,10.525813538392528,36.225,0.5573076923076923,0.5561538461538461,0.5653846153846154
4547202,first_point,4,260,13.475462664551229,26.4990429742975,20.010823512659506,3.1,0.047692307692307694,0.04730769230769231,0.047692307692307694
4559519,centroid,5,633,5.639550183918965,20.61939363491391,13.039164120050446,17.599999999999998,0.13902053712480253,0.13854660347551342,0.1399684044233807
4559519,medoid,5,633,5.623193801651844,20.751555796022206,13.009082660831059,14392.839999999998,113.68751974723538,93.31121642969984,115.5135860979463
4559519,snap_to_nearest,5,633,5.639062818748029,20.710227479362384,13.0636334119963,69.88,0.5519747235387046,0.5516587677725119,0.5575039494470774
4559519,first_point,5,633,18.672241884884194,38.908595599677525,29.598613167183913,3.3799999999999994,0.026698262243285937,0.026382306477093206,0.027014218009478674
4575701,centroid,1,43,4.40525614316298,10.311790031704403,8.600524820621255,10.7,0.24883720930232556,0.2441860465116279,0.2534883720930233
4575701,medoid,1,43,4.406423610926592,11.04896170745256,9.250009671378523,869.5,20.22093023255814,20.08604651162791,20.374418604651165
4575701,snap_to_nearest,1,43,4.429967144311854,10.108816583231883,8.782196708395835,29.2,0.6790697674418604,0.6581395348837209,0.6813953488372093
4575701,first_point,1,43,10.323302639462524,18.868495138296417,15.47777674245528,4.1,0.09534883720930232,0.09302325581395349,0.09999999999999999
4579744,centroid,5,301,2.6800023679000184,16.425360773788814,8.481180249666979,12.24,0.20332225913621263,0.1966777408637874,0.20365448504983388
4579744,medoid,5,301,2.4716065791382387,14.696221206151126,12.420234004641692,1847.88,30.695681063122922,30.6734219269103,30.76777408637874
4579744,snap_to_nearest,5,301,2.6113699964095987,15.524994503463626,9.441092324983542,36.7,0.6096345514950167,0.6093023255813954,0.6179401993355482
4579744,first_point,5,301,13.724110797315463,27.300753079534164,24.605345635343046,3.3000000000000003,0.054817275747508304,0.054817275747508304,0.05681063122923589
4605892,centroid,3,637,15.62701591637074,37.352074142713455,28.628200035086035,13.1,0.06169544740973312,0.061224489795918366,0.06342229199372057
4605892,medoid,3,637,15.448191536941884,41.42925988665381,32.023122037310806,19611.333333333332,92.36106750392464,84.54207221350079,101.70047095761382
4605892,snap_to_nearest,3,637,15.674618753235682,36.80389725840005,27.962313454974097,113.63333333333334,0.5351648351648352,0.5298273155416012,0.5464678178963893
4605892,first_point,3,637,25.558346920433294,59.655472506616256,53.30699581512853,3.5666666666666664,0.016797488226059653,0.0163265306122449,0.017425431711145998
4668185,centroid,6,269,1.7954331655301725,14.38602834931133,7.595163544320631,11.1,0.24758364312267656,0.241635687732342,0.24944237918215612
4668185,medoid,6,269,1.762010120361272,14.676373782516391,7.779089953288503,946.6000000000001,21.11375464684015,19.03159851301115,22.041263940520448
4668185,snap_to_nearest,6,269,1.771649326950522,14.601270398809083,7.715586865284521,29.01666666666667,0.6472118959107807,0.6390334572490707,0.6483271375464684
4668185,first_point,6,269,12.247059003657867,25.062432822589386,15.726603017504711,3.35,0.07472118959107807,0.07360594795539034,0.07546468401486989
4705097,centroid,4,208,2.9191275251831774,13.735802398203987,8.475529776913307,11.875,0.2283653846153846,0.22115384615384615,0.2293269230769231
4705097,medoid,4,208,2.747832079058196,13.147904052354297,9.688056438823455,730.175,14.041826923076922,13.807692307692308,14.984615384615385
4705097,snap_to_nearest,4,208,2.9453568723289436,13.512800431808913,8.5102259123231,17.0,0.3269230769230769,0.32548076923076924,0.3274038461538461
4705097,first_point,4,208,9.702777951336241,25.404515362030196,14.020699782839856,1.725,0.03317307692307692,0.03317307692307692,0.03365384615384615
4724133,centroid,4,196,2.566358708017433,13.857120691954902,8.519009637098591,5.825,0.11887755102040817,0.11683673469387755,0.1193877551020408
4724133,medoid,4,196,2.5039295402847697,14.261481612798494,8.853856067081487,816.8,16.66938775510204,14.994387755102041,21.476530612244897
4724133,snap_to_nearest,4,196,2.5283340532207825,14.276896845312049,8.869863907798464,27.675000000000004,0.564795918367347,0.561734693877551,0.5683673469387756
4724133,first_point,4,196,10.05290225239051,25.03273971124874,16.061080676291446,1.7249999999999999,0.03520408163265306,0.03520408163265306,0.03520408163265306
4749525,centroid,2,279,2.3603392401371144,17.634010121160518,6.96715686543976,16.75,0.12007168458781362,0.11899641577060933,0.12007168458781362
4749525,medoid,2,279,2.2853416688380683,17.338122146754685,7.79734268695343,5571.6,39.939784946236564,37.36164874551971,43.27455197132617
4749525,snap_to_nearest,2,279,2.286383160799765,17.338122146754685,7.79734268695343,54.85000000000001,0.39318996415770613,0.3913978494623656,0.3935483870967742
4749525,first_point,2,279,13.45238060375197,28.56697306638036,16.807701110002263,2.7,0.01935483870967742,0.01899641577060932,0.02007168458781362
4754626,centroid,4,711,1.7711568330163514,17.208528861233997,5.428149244710937,25.15,0.14149085794655414,0.13825597749648383,0.1421940928270042
4754626,medoid,4,711,1.747710615630115,16.997406783563587,5.992450734493172,16394.925,92.23586497890295,88.87805907172996,103.61518987341772
4754626,snap_to_nearest,4,711,1.7793881898311033,17.2539588373987,5.483012571560892,94.825,0.5334739803094234,0.5264416315049226,0.5457102672292545
4754626,first_point,4,711,15.116750883605828,33.11890892674968,18.88887093937406,3.3499999999999996,0.018846694796061884,0.018565400843881856,0.01912798874824191
4754956,centroid,4,228,2.3469323792644996,14.609370350734537,7.839257235971312,11.4,0.2,0.1969298245614035,0.20087719298245613
4754956,medoid,4,228,2.257627158374527,14.76217617063235,7.947147395230809,1753.725,30.767105263157895,30.72280701754386,30.856140350877194
4754956,snap_to_nearest,4,228,2.3596109161676653,14.97253999937385,7.937606519087124,36.05,0.6324561403508772,0.6157894736842106,0.6342105263157894
4754956,first_point,4,228,11.810015375685733,25.56429400688108,16.046813169957762,3.25,0.05701754385964912,0.056578947368421055,0.058333333333333334
4775763,centroid,5,269,3.672753340729395,16.5565988117139,9.35714162408539,11.759999999999998,0.21858736059479553,0.21784386617100374,0.22267657992565054
4775763,medoid,5,269,3.6143908897874835,17.922549879503844,9.281002103692579,1126.1,20.931226765799256,20.533457249070633,27.49182156133829
4775763,snap_to_nearest,5,269,3.653207794366939,16.435054965518365,9.243180130810195,36.44,0.6773234200743494,0.45241635687732346,0.7118959107806692
4775763,first_point,5,269,13.30147655919305,28.231544907646295,20.83627218463327,1.6999999999999997,0.031598513011152414,0.031598513011152414,0.03197026022304832
4785421,centroid,4,313,4.187876779026793,19.142522579040357,11.492961686209842,14.5,0.1853035143769968,0.1830670926517572,0.1869009584664537
4785421,medoid,4,313,4.105465085966545,19.761378437038385,12.232940162929022,4513.85,57.68498402555911,55.46837060702875,57.71980830670926
4785421,snap_to_nearest,4,313,4.134942444662879,19.137009593000407,12.021223630216879,22.5,0.28753993610223644,0.28498402555910546,0.30543130990415335
4785421,first_point,4,313,15.73100868420662,36.8326764095862,26.130421488576335,3.475,0.04440894568690096,0.04281150159744409,0.045686900958466455
4789937,centroid,4,154,3.7989350204541776,15.221746773332182,8.814912876579074,9.9,0.2571428571428572,0.24935064935064935,0.2584415584415584
4789937,medoid,4,154,3.7357782442392202,15.37385247408349,8.982469732956991,703.2749999999999,18.266883116883115,18.20649350649351,18.823376623376625
4789937,snap_to_nearest,4,154,3.7760342856887363,15.37385247408349,8.982469732956991,26.625,0.6915584415584416,0.6902597402597402,0.7090909090909091
4789937,first_point,4,154,12.886120402363133,28.561948349869574,16.884997731748754,3.5,0.09090909090909091,0.08831168831168831,0.09155844155844156
4792515,centroid,6,469,5.467260896896083,20.940749147526372,12.741074771628089,14.433333333333332,0.18464818763326224,0.1816631130063966,0.1865671641791045
4792515,medoid,6,469,5.214410767520269,22.46065383168142,15.252357494107056,3040.1833333333334,38.89360341151386,34.48891257995736,40.61513859275053
4792515,snap_to_nearest,6,469,5.478445761545758,20.981188780484995,13.726325449475056,47.25,0.6044776119402985,0.5976545842217484,0.6068230277185501
4792515,first_point,6,469,14.920171987300899,36.822877694860914,30.577229281827968,3.3833333333333337,0.04328358208955224,0.04307036247334755,0.04328358208955224
4811115,centroid,3,160,1.7078262755857918,12.795467343971373,7.897496845379945,11.266666666666667,0.21125,0.20249999999999999,0.215625
4811115,medoid,3,160,1.6835637837695885,12.72230281280926,7.863097565821131,810.6666666666666,15.2,15.065000000000001,21.025624999999998
4811115,snap_to_nearest,3,160,1.6913180242068275,12.763535671065252,7.8954468036003895,15.966666666666667,0.299375,0.29874999999999996,0.305
4811115,first_point,3,160,12.208406214986683,23.902836279707913,15.617217136840242,1.6666666666666667,0.03125,0.030625000000000003,0.03125
4824328,centroid,3,333,10.976435498527048,33.528812913244515,26.242763053471258,17.333333333333336,0.15615615615615616,0.15525525525525527,0.15675675675675677
4824328,medoid,3,333,10.363195809735007,39.527164571687045,31.314060570402155,4131.799999999999,37.22342342342342,35.98678678678679,37.305105105105106
4824328,snap_to_nearest,3,333,11.205199509080593,33.451018272128685,26.49368344511504,49.33333333333333,0.4444444444444444,0.44084084084084085,0.4543543543543544
4824328,first_point,3,333,24.620442384209714,62.06737451842901,51.83603616798009,2.533333333333333,0.022822822822822823,0.02252252252252252,0.023423423423423424
4861227,centroid,6,470,6.122264208413757,29.18856058920392,17.359477325808136,11.133333333333331,0.14212765957446807,0.1202127659574468,0.14468085106382977
4861227,medoid,6,470,6.125367028351268,31.43041135064309,19.3406639382423,3721.633333333333,47.51021276595745,47.35468085106383,47.59617021276596
4861227,snap_to_nearest,6,470,6.167323535272893,30.14830512416088,18.389106544513155,48.066666666666656,0.6136170212765957,0.6102127659574468,0.6142553191489362
4861227,first_point,6,470,19.261666675259384,55.00306247772786,41.88268093836926,3.3666666666666667,0.04297872340425532,0.04297872340425532,0.04297872340425532
4861687,centroid,7,444,3.7249502128169794,23.772216586913913,11.042105629442998,12.428571428571429,0.19594594594594594,0.19572072072072072,0.19864864864864865
4861687,medoid,7,444,3.4671744325797857,29.360111944965613,16.595281047912696,2123.2714285714287,33.475,33.402252252252254,33.74009009009009
4861687,snap_to_nearest,7,444,3.8498895082149946,22.444164477669098,9.90114552635718,39.642857142857146,0.625,0.6186936936936936,0.6268018018018018
4861687,first_point,7,444,11.419193548952562,41.345713192927754,28.497613809291117,3.4571428571428573,0.0545045045045045,0.053603603603603604,0.05630630630630631
4862222,centroid,3,184,2.3810113524262464,14.181006719766357,7.581375309667378,11.6,0.1891304347826087,0.18641304347826085,0.1907608695652174
4862222,medoid,3,184,2.294215289004963,14.99743551380699,7.81106476513221,1801.1000000000001,29.365760869565218,29.094021739130437,29.714673913043477
4862222,snap_to_nearest,3,184,2.379373085141399,14.263772485629884,7.564913870164462,36.699999999999996,0.5983695652173913,0.5940217391304348,0.6016304347826087
4862222,first_point,3,184,12.165706788942655,28.184620418391745,16.815885531943817,3.3000000000000003,0.05380434782608696,0.053260869565217396,0.05380434782608696
4862380,centroid,2,138,7.05746469519021,20.270645430906672,17.78705770547058,13.149999999999999,0.19057971014492753,0.18985507246376812,0.1927536231884058
4862380,medoid,2,138,7.036568213496926,19.651539484465395,18.112646410189935,2570.1,37.24782608695652,37.06594202898551,37.60217391304348
4862380,snap_to_nearest,2,138,7.058350253038322,20.42313271760736,17.896344478283705,20.95,0.3036231884057971,0.3007246376811594,0.30724637681159417
4862380,first_point,2,138,17.79191279951336,37.24749808729152,35.57688118893022,3.35,0.04855072463768116,0.04855072463768116,0.05
4865550,centroid,5,260,3.027547048809248,14.447915632203404,8.350071058753587,6.94,0.13346153846153846,0.1330769230769231,0.13576923076923075
4865550,medoid,5,260,2.985741005309295,13.644735965462631,8.932544705025427,1328.3200000000002,25.544615384615387,25.077307692307695,25.66423076923077
4865550,snap_to_nearest,5,260,3.0165805818059295,14.128369734126087,8.44456592320848,33.400000000000006,0.6423076923076924,0.64,0.6511538461538462
4865550,first_point,5,260,11.778762994640745,24.475896271604395,16.599796302192647,3.5200000000000005,0.0676923076923077,0.06692307692307692,0.06884615384615383
4865558,centroid,4,146,4.190171095315213,12.137426419908525,8.928259663105424,5.0,0.136986301369863,0.136986301369863,0.13904109589041097
4865558,medoid,4,146,4.1262652462782325,13.131408070786035,9.227411576111034,325.7250000000001,8.923972602739727,8.894520547945206,9.043835616438356
4865558,snap_to_nearest,4,146,4.18637094708475,12.828693508552716,8.879636588472927,12.4,0.33972602739726027,0.339041095890411,0.3410958904109589
4865558,first_point,4,146,10.121020384258406,20.856666626555267,17.886823530915,1.675,0.04589041095890411,0.04589041095890411,0.04657534246575342
4912927,centroid,1,36,1.7430566494459416,9.910908841907409,6.434703471040718,5.2,0.14444444444444446,0.14444444444444446,0.1611111111111111
4912927,medoid,1,36,1.7643997324897291,9.78741594789136,6.365265401248017,318.9,8.858333333333333,8.808333333333334,8.877777777777778
4912927,snap_to_nearest,1,36,1.765422816998592,9.689022713905315,6.317465831334697,12.7,0.35277777777777775,0.35,0.35833333333333334
4912927,first_point,1,36,9.934508419758018,19.02926534742802,11.9942752420768,1.8,0.05,0.05,0.05555555555555555
4915833,centroid,3,196,2.2162272609415288,12.512228946596272,7.588078866274377,6.899999999999999,0.10561224489795917,0.10408163265306122,0.10663265306122448
4915833,medoid,3,196,1.9609224868209922,12.716389161126326,8.12271864812931,2311.233333333333,35.376020408163264,35.31734693877551,35.43214285714286
4915833,snap_to_nearest,3,196,2.2195973185730304,13.085079089248055,7.537152080571386,38.86666666666666,0.5948979591836734,0.5938775510204082,0.6005102040816327
4915833,first_point,3,196,11.614388205679129,22.939464240232766,14.608712727995357,3.3,0.050510204081632655,0.05,0.05102040816326531
4940890,centroid,2,153,3.65200159963995,15.410218489316641,9.978790379914324,13.65,0.1784313725490196,0.17450980392156862,0.1803921568627451
4940890,medoid,2,153,3.5827217257597543,16.168102919471863,10.728433769704534,2625.7999999999997,34.32418300653595,28.645098039215686,35.84444444444444
4940890,snap_to_nearest,2,153,3.656085341808154,15.482549071040776,9.997435543570969,53.05,0.6934640522875817,0.5862745098039216,0.7098039215686274
4940890,first_point,2,153,12.213809433455618,22.410370183935175,20.773233712874557,1.7,0.022222222222222223,0.021568627450980392,0.02287581699346405
5244934,centroid,6,382,3.665531295252224,18.679794331550166,11.683594467694576,6.049999999999999,0.0950261780104712,0.09424083769633508,0.09790575916230367
5244934,medoid,6,382,3.5232447754525715,20.556816865703922,12.492371998404023,1416.3166666666666,22.245811518324608,21.15890052356021,30.64109947643979
5244934,snap_to_nearest,6,382,3.690493850414031,19.270746409448332,11.687847424104676,38.083333333333336,0.5981675392670157,0.593717277486911,0.606282722513089
5244934,first_point,6,382,15.013280866595784,35.33078299623473,24.98037866270153,3.1999999999999997,0.05026178010471204,0.05,0.050785340314136125
5351422,centroid,3,167,3.9145010432527534,16.402135305145965,11.178916857122982,11.1,0.19940119760479041,0.19580838323353295,0.19999999999999998
5351422,medoid,3,167,3.8555077326906844,16.78739713686663,11.394073948653121,1219.7333333333331,21.91137724550898,21.728742514970058,23.03293413173653
5351422,snap_to_nearest,3,167,3.92159815675582,16.085487833583965,11.281002293879821,33.63333333333334,0.6041916167664672,0.5952095808383234,0.6089820359281437
5351422,first_point,3,167,14.190301738351158,28.869362880853203,22.20606819859355,3.2666666666666666,0.058682634730538925,0.058083832335329336,0.05928143712574851
5477477,centroid,2,92,1.5069338519088122,12.989052925591892,6.659489720436066,11.05,0.24021739130434785,0.23478260869565218,0.2423913043478261
5477477,medoid,2,92,1.4747173422857132,13.442021475864404,6.807181836158284,1058.05,23.00108695652174,22.554347826086957,23.145652173913046
5477477,snap_to_nearest,2,92,1.4932788454321597,13.071793351436316,6.678939822822505,31.45,0.683695652173913,0.6793478260869565,0.6869565217391305
5477477,first_point,2,92,10.44625786621924,22.21102627053166,13.49967835645451,3.75,0.08152173913043478,0.07934782608695652,0.08260869565217391
5499001,centroid,1,38,1.7041765385464371,12.75635656549674,6.982237673810456,10.8,0.28421052631578947,0.28421052631578947,0.3078947368421052
5499001,medoid,1,38,1.699779641434308,12.662334424483902,7.054870727710828,707.5,18.61842105263158,18.323684210526313,18.69736842105263
5499001,snap_to_nearest,1,38,1.7006443282520902,12.642755748495377,7.097012120955363,27.8,0.7315789473684211,0.7236842105263158,0.7342105263157894
5499001,first_point,1,38,11.302819822238883,24.033317500415134,13.01649697471569,4.0,0.10526315789473684,0.09999999999999999,0.10789473684210525
5503058,centroid,5,502,2.9646802507071,14.698659151511784,6.4720409646225745,17.22,0.17151394422310756,0.16653386454183267,0.17151394422310756
5503058,medoid,5,502,2.9246741135954,16.065069949287608,7.276569656365135,10962.94,109.19262948207171,108.42569721115537,109.19581673306773
5503058,snap_to_nearest,5,502,3.0130837579805383,14.49307635694063,6.281057826611692,55.74,0.5551792828685259,0.5543824701195219,0.5681274900398406
5503058,first_point,5,502,10.68030451980768,26.9288108007299,15.559097954134034,3.48,0.034661354581673305,0.03386454183266932,0.034661354581673305
5503168,centroid,5,359,5.822714957599255,21.049165154272178,13.417369599803553,13.74,0.1913649025069638,0.18662952646239556,0.1916434540389972
5503168,medoid,5,359,5.814078071252995,23.737004413351876,13.587078318253425,2827.42,39.379108635097495,38.141782729805016,41.74011142061281
5503168,snap_to_nearest,5,359,5.927047626878542,22.161975968472294,14.113262578079295,34.63999999999999,0.4824512534818941,0.42562674094707525,0.5144846796657381
5503168,first_point,5,359,15.630112587204406,37.942342138741225,26.49397314513904,3.5799999999999996,0.049860724233983286,0.04623955431754875,0.05013927576601671
5503359,centroid,6,397,4.841814913592219,18.333462906943694,10.448111783110157,13.516666666666667,0.20428211586901762,0.19924433249370277,0.21385390428211587
5503359,medoid,6,397,4.841902364975273,21.39216514088382,11.04405675877567,2669.5833333333335,40.3463476070529,39.212342569269516,43.08488664987406
5503359,snap_to_nearest,6,397,4.986466614845857,18.105998028336636,11.39370966384533,20.516666666666666,0.3100755667506297,0.30957178841309824,0.33602015113350125
5503359,first_point,6,397,15.082811431481375,34.657131450974305,23.76735950501102,1.6833333333333336,0.02544080604534005,0.02518891687657431,0.02569269521410579
5540718,centroid,6,330,3.0229378114911727,14.453249583189129,10.035148345739398,5.883333333333333,0.10696969696969696,0.10666666666666667,0.10787878787878788
5540718,medoid,6,330,2.916758671734478,14.518191620973674,10.754196801229487,860.3833333333334,15.643333333333334,15.216363636363635,26.743636363636362
5540718,snap_to_nearest,6,330,3.015668449589199,14.370889790483053,9.979697110590264,33.53333333333333,0.6096969696969696,0.6087878787878788,0.6127272727272727
5540718,first_point,6,330,12.714145089962742,27.55208029078113,20.754241332709277,3.45,0.06272727272727273,0.06242424242424243,0.06333333333333332
5540722,centroid,5,265,4.36584593161625,15.161657167528764,11.428694555656753,11.159999999999998,0.21056603773584903,0.20830188679245284,0.21283018867924527
5540722,medoid,5,265,4.322781607298166,16.082454051392418,12.069383409348942,1428.6000000000001,26.954716981132076,26.383396226415094,27.247547169811323
5540722,snap_to_nearest,5,265,4.362891066038029,15.093812563816806,11.65972202812721,33.980000000000004,0.6411320754716981,0.639245283018868,0.6426415094339623
5540722,first_point,5,265,11.061780450228024,30.110444336055824,22.93141811667086,3.38,0.06377358490566037,0.062264150943396226,0.06415094339622641
5540733,centroid,3,151,3.1938859357371814,12.96161832708387,8.314369909025324,7.833333333333333,0.15562913907284767,0.15496688741721854,0.15629139072847684
5540733,medoid,3,151,3.101409287582831,13.771302299734604,9.492698553207807,1280.0333333333333,25.43112582781457,21.730463576158943,26.258940397350994
5540733,snap_to_nearest,3,151,3.2527075239699648,12.431335856390824,8.375060817399646,33.56666666666667,0.666887417218543,0.6662251655629139,0.6794701986754966
5540733,first_point,3,151,11.692177519641088,24.771095591243945,15.394752135500665,3.533333333333333,0.07019867549668873,0.06887417218543046,0.07019867549668873
5540847,centroid,6,494,3.2835858690286637,14.060761550182287,7.591417922712841,14.366666666666665,0.17449392712550607,0.17348178137651823,0.17510121457489877
5540847,medoid,6,494,3.2270890058579753,14.388453274754582,8.35511825534256,3654.0666666666666,44.38137651821862,36.95647773279352,51.978947368421046
5540847,snap_to_nearest,6,494,3.3112201395158376,14.447341749381296,7.945663032654444,49.416666666666664,0.6002024291497976,0.5894736842105263,0.6087044534412955
5540847,first_point,6,494,10.402032373392816,23.373910243010133,16.075805424350246,3.6333333333333333,0.04412955465587045,0.04048582995951417,0.04433198380566801
5547018,centroid,5,261,1.9646699374242254,12.953257495790654,7.45119511413363,11.14,0.21340996168582377,0.21187739463601532,0.21379310344827585
5547018,medoid,5,261,1.954300792464015,13.064950009777382,7.215479341238677,1337.98,25.631800766283522,24.8088122605364,25.866283524904215
5547018,snap_to_nearest,5,261,1.9701886616937994,12.930592138606894,7.315262688664971,34.400000000000006,0.6590038314176245,0.6567049808429118,0.6770114942528735
5547018,first_point,5,261,11.871484873870394,23.026882010302547,14.880064743303604,3.48,0.06666666666666667,0.06628352490421456,0.08544061302681992
5565253,centroid,5,285,3.2211430389031164,13.274083813230286,9.786360761426451,6.26,0.10982456140350877,0.10701754385964912,0.12947368421052632
5565253,medoid,5,285,3.1397865578545225,13.856916107829772,9.891576010391425,1783.52,31.28982456140351,31.17087719298246,31.362105263157897
5565253,snap_to_nearest,5,285,3.197468118796082,13.744625623004833,9.758518640607596,37.400000000000006,0.656140350877193,0.6312280701754386,0.6621052631578948
5565253,first_point,5,285,11.63852558775456,25.560559016315693,17.713385928272032,3.5399999999999996,0.06210526315789473,0.05964912280701754,0.06210526315789473
5615881,centroid,6,694,1.84809159696947,13.828879919611207,5.389843161633339,14.666666666666668,0.12680115273775217,0.12161383285302595,0.1276657060518732
5615881,medoid,6,694,1.8196304067289675,14.435302473585143,5.154584204817411,6662.75,57.60302593659942,56.19236311239193,69.94610951008646
5615881,snap_to_nearest,6,694,1.848983384220322,13.68970832778455,5.4314497433697335,49.06666666666666,0.424207492795389,0.2909221902017291,0.5417867435158501
5615881,first_point,6,694,10.107463476481039,24.6102996915898,13.904577217783297,1.716666666666667,0.014841498559077812,0.014697406340057636,0.015129682997118156
5615968,centroid,5,264,2.6172162427404646,15.458469302914168,9.597227647707696,5.92,0.11212121212121212,0.11136363636363636,0.11363636363636363
5615968,medoid,5,264,2.554492660920145,16.060058851828416,11.44317329291233,1233.58,23.363257575757576,17.068181818181817,25.89848484848485
5615968,snap_to_nearest,5,264,2.623194886416806,15.382822342873407,9.942334214384914,34.08,0.6454545454545455,0.6420454545454546,0.6526515151515152
5615968,first_point,5,264,12.170670193386586,28.742450068733525,17.234587504830955,3.3600000000000003,0.06363636363636364,0.06325757575757575,0.06401515151515151
5615986,centroid,4,342,10.110591744029763,29.405486340673125,22.707386771831455,12.225,0.14298245614035088,0.14210526315789473,0.1453216374269006
5615986,medoid,4,342,9.287655492580837,34.45835873003751,27.355317835275173,4481.65,52.41695906432748,34.14502923976608,52.616374269005846
5615986,snap_to_nearest,4,342,10.037995971812967,29.29717201656303,22.57736149966862,26.025,0.3043859649122807,0.3043859649122807,0.308187134502924
5615986,first_point,4,342,22.202925498031867,56.663554128771445,50.54701841265671,1.75,0.02046783625730994,0.02046783625730994,0.021052631578947368
5615988,centroid,5,315,4.6257162998987935,15.005936221600388,12.114207635928713,6.68,0.10603174603174603,0.1053968253968254,0.12253968253968255
5615988,medoid,5,315,4.592252028506881,14.795188627027068,12.891086262131624,1101.36,17.48190476190476,17.220952380952383,17.8184126984127
5615988,snap_to_nearest,5,315,4.65743218723142,15.487408041390639,11.858563179871089,20.319999999999997,0.3225396825396825,0.32063492063492066,0.32285714285714284
5615988,first_point,5,315,13.975157774483183,27.50180775832285,24.197179308276283,1.7399999999999998,0.027619047619047616,0.027619047619047616,0.02793650793650794
5616015,centroid,1,33,1.5435879968775115,12.00535644494865,7.699370417173819,5.3,0.1606060606060606,0.1575757575757576,0.16363636363636364
5616015,medoid,1,33,1.424973767808956,12.422597100898956,7.795084632929143,274.9,8.33030303030303,8.327272727272728,8.484848484848484
5616015,snap_to_nearest,1,33,1.5776938803259346,11.952878790510361,7.7038581029539355,12.1,0.36666666666666664,0.36666666666666664,0.37272727272727274
5616015,first_point,1,33,8.498884579808097,20.49585052576602,13.432796514542787,1.9,0.05757575757575757,0.05757575757575757,0.06060606060606061
5633515,centroid,5,253,4.153755613101246,16.639670261465433,11.232331927483902,5.96,0.11778656126482213,0.11739130434782609,0.11936758893280631
5633515,medoid,5,253,4.075352657363298,17.279118925805882,11.863969042219606,742.64,14.676679841897233,14.627667984189724,15.242292490118578
5633515,snap_to_nearest,5,253,4.110932628290071,16.792207167522655,11.597819135312546,17.02,0.33636363636363636,0.3343873517786561,0.3403162055335968
5633515,first_point,5,253,13.117273280188265,31.816662780117387,23.552881430545128,1.7399999999999998,0.03438735177865612,0.03438735177865612,0.034782608695652174
5692189,centroid,5,1126,2.4714045967610003,15.780490539990321,4.807496656641364,24.599999999999998,0.10923623445825932,0.10559502664298402,0.11625222024866785
5692189,medoid,5,1126,2.4560061781402145,15.969411666603317,4.669358426513835,62957.840000000004,279.56412078152755,265.7198934280639,296.15381882770873
5692189,snap_to_nearest,5,1126,2.459810513159188,15.94022230291221,4.779290354185929,100.8,0.44760213143872113,0.44600355239786854,0.4565719360568384
5692189,first_point,5,1126,14.619185242547069,25.815441768711985,17.346969458925955,2.8,0.012433392539964476,0.011900532859680284,0.012433392539964476
5705278,centroid,7,320,2.6038203725467652,14.315070568138454,8.731603050271985,5.271428571428571,0.1153125,0.11468750000000001,0.1159375
5705278,medoid,7,320,2.5374555036420197,14.677990926084295,9.03281106516986,675.9,14.7853125,14.367500000000001,17.23
5705278,snap_to_nearest,7,320,2.6128695158861617,13.687901151100432,8.64900711430526,25.15714285714286,0.5503125,0.54875,0.5549999999999999
5705278,first_point,7,320,12.116007504226179,26.7197697271966,17.757342317800486,2.8000000000000003,0.061250000000000006,0.061250000000000006,0.06218749999999999
5705752,centroid,4,248,3.5483524832945923,16.297956050228077,11.417840317836092,7.25,0.11693548387096774,0.10201612903225807,0.12903225806451613
5705752,medoid,4,248,3.368700000509376,17.72236970437316,12.695542694968838,1975.925,31.869758064516127,26.048790322580647,33.920967741935485
5705752,snap_to_nearest,4,248,3.5418856875161304,16.34691038587115,11.539412302105344,33.725,0.5439516129032258,0.5379032258064517,0.5443548387096774
5705752,first_point,4,248,14.038642857515335,30.182787445304452,20.189824537445546,3.0,0.04838709677419355,0.04233870967741935,0.04838709677419355
5706077,centroid,5,274,3.0439675865210383,16.168695951012406,9.194823243656424,6.0,0.10948905109489052,0.10802919708029197,0.11094890510948904
5706077,medoid,5,274,2.977474328887586,14.764119984105715,9.212009636411501,1206.3,22.01277372262774,15.892335766423358,22.843065693430656
5706077,snap_to_nearest,5,274,3.0903910362380653,16.595736036580053,9.075532033662482,32.62,0.5952554744525548,0.5948905109489051,0.6105839416058395
5706077,first_point,5,274,11.143136538303954,27.19908243538841,20.251318108745323,3.3200000000000003,0.06058394160583942,0.05766423357664234,0.06277372262773723
5706137,centroid,7,564,6.141186432609464,28.5526634324748,19.380873396837234,7.499999999999999,0.09308510638297872,0.09095744680851063,0.09574468085106383
5706137,medoid,7,564,5.577437960052603,34.433618510008536,25.79539946267292,3718.2571428571428,46.14858156028369,44.63776595744681,47.94468085106383
5706137,snap_to_nearest,7,564,6.052080741461599,28.947656657190375,19.878813449091925,48.12857142857142,0.5973404255319148,0.5943262411347517,0.6219858156028369
5706137,first_point,7,564,18.174274606551915,43.6766795654216,39.17637875286459,3.4857142857142858,0.04326241134751773,0.04273049645390071,0.04343971631205674
5715345,centroid,3,432,1.7445323867226388,17.022581150365134,4.966462592251023,10.366666666666667,0.07199074074074074,0.07175925925925926,0.07314814814814816
5715345,medoid,3,432,1.6986654130435557,17.188999404670483,5.342065818727239,17986.066666666666,124.90324074074073,124.1023148148148,126.52152777777779
5715345,snap_to_nearest,3,432,1.7013361617392024,17.053039757093778,5.267147813167808,43.43333333333334,0.30162037037037037,0.29791666666666666,0.30254629629629626
5715345,first_point,3,432,16.21826406063872,30.647515311377965,19.523724195313406,1.8333333333333333,0.01273148148148148,0.0125,0.013425925925925926
5771585,centroid,5,365,3.004955750044732,16.49201738859384,8.695808570611156,11.92,0.1632876712328767,0.16301369863013698,0.16410958904109588
5771585,medoid,5,365,2.905514534398471,18.26285353545606,9.036338959415962,2507.9,34.35479452054795,32.553424657534244,36.92904109589041
5771585,snap_to_nearest,5,365,3.058344217893654,16.26413088226089,8.999794993458181,45.519999999999996,0.6235616438356164,0.567945205479452,0.6605479452054794
5771585,first_point,5,365,13.858666821133465,29.269854410423218,21.01689236638743,3.1,0.04246575342465753,0.04136986301369863,0.04246575342465753
5771621,centroid,5,296,5.904201145985402,15.976189385773687,12.542483092874503,12.64,0.21351351351351353,0.2108108108108108,0.21722972972972973
5771621,medoid,5,296,5.7741121391547905,17.64111598195577,13.363828185034956,1881.96,31.789864864864864,31.776013513513515,31.906418918918916
5771621,snap_to_nearest,5,296,5.886757374415166,16.280534045015802,12.765737142700326,38.46000000000001,0.6496621621621622,0.6472972972972972,0.664864864864865
5771621,first_point,5,296,13.867640023477858,28.056794698170318,21.0066449420229,2.2800000000000002,0.038513513513513516,0.03817567567567568,0.05304054054054054
5772092,centroid,7,394,3.2913602633092065,15.73433142441648,10.792023229327135,12.585714285714285,0.22360406091370558,0.22233502538071065,0.23730964467005075
5772092,medoid,7,394,3.2253317635589727,15.549709121624238,11.008892294233647,1752.6999999999998,31.13934010152284,31.135279187817257,31.24035532994924
5772092,snap_to_nearest,7,394,3.2744417044550307,16.117000808401876,11.081005514244627,36.64285714285714,0.6510152284263959,0.6213197969543147,0.666751269035533
5772092,first_point,7,394,13.821391523840472,29.130786374429935,21.993561567056517,3.6142857142857148,0.06421319796954315,0.06142131979695431,0.0649746192893401
5772102,centroid,4,366,7.1220119411952405,26.150645682309914,16.246475633831622,17.05,0.18633879781420765,0.17704918032786884,0.18633879781420765
5772102,medoid,4,366,7.123904894406235,27.097200401925694,16.033537891563334,2869.725,31.36311475409836,31.358469945355193,38.5172131147541
5772102,snap_to_nearest,4,366,7.1758495843283185,27.097200401925694,15.775881401296601,47.65,0.5207650273224044,0.5202185792349727,0.5560109289617486
5772102,first_point,4,366,19.30542873081209,50.51161577916077,40.99301260106043,3.55,0.03879781420765027,0.03715846994535519,0.04535519125683061
5772192,centroid,6,325,5.7886444947879285,15.63687797892493,12.529899193750744,9.483333333333333,0.17507692307692307,0.172,0.1886153846153846
5772192,medoid,6,325,5.750429010713565,16.383156554348552,12.820824726315912,1423.3333333333333,26.276923076923076,24.195384615384615,27.39507692307692
5772192,snap_to_nearest,6,325,5.761599864322617,16.383156554348552,12.761583105773312,32.766666666666666,0.6049230769230769,0.5990769230769231,0.6098461538461538
5772192,first_point,6,325,13.726392338674088,26.63549965502806,24.26649864748395,3.3166666666666664,0.06123076923076923,0.058769230769230775,0.06215384615384615
5874746,centroid,6,365,3.5723399302386682,17.57716287639625,10.918025341316277,12.133333333333335,0.19945205479452055,0.19342465753424656,0.2098630136986301
5874746,medoid,6,365,3.444887044369901,18.627442536172683,11.408935403161923,1916.6333333333332,31.50630136986301,31.474246575342466,35.985205479452055
5874746,snap_to_nearest,6,365,3.479369315822507,18.07012589219038,11.191491537077622,72.46666666666667,1.1912328767123288,0.881917808219178,1.9189041095890411
5874746,first_point,6,365,11.83894567858058,34.675897304371304,22.30146597998433,3.166666666666667,0.052054794520547946,0.05123287671232876,0.053972602739726025
5874767,centroid,7,1033,12.926566667527075,48.612872696613195,37.6261630752099,13.642857142857144,0.09244917715392062,0.09070667957405615,0.12584704743465633
5874767,medoid,7,1033,12.882665403597638,49.56022964500142,37.55748233889859,20779.300000000003,140.80842207163602,136.01268151016458,156.41277831558565
5874767,snap_to_nearest,7,1033,12.925269304968383,49.0871197398427,37.743963265629844,67.65714285714286,0.4584704743465634,0.4561471442400774,0.463891577928364
5874767,first_point,7,1033,32.31309026973538,91.27161129227194,74.34185616231973,3.0428571428571436,0.020619554695062926,0.018973862536302035,0.023620522749273957
5874769,centroid,6,327,5.078692421517577,19.566277990857724,12.189339425852268,10.566666666666666,0.19388379204892967,0.19174311926605506,0.2
5874769,medoid,6,327,5.073929335225052,19.152088121016835,12.204025143893137,1541.5333333333335,28.28501529051988,26.89388379204893,28.562079510703363
5874769,snap_to_nearest,6,327,5.096356559133658,19.152088121016835,12.204025143893137,28.56666666666667,0.5241590214067279,0.5217125382262997,0.544954128440367
5874769,first_point,6,327,12.985992500733289,36.58481916595697,25.717865543582143,2.316666666666667,0.04250764525993884,0.04220183486238532,0.04617737003058104
5874787,centroid,5,839,8.032207483726138,25.265427007511175,14.13491237456739,18.720000000000002,0.11156138259833134,0.10941597139451728,0.1131108462455304
5874787,medoid,5,839,7.979635878299617,30.74148211239495,18.48471293358612,18260.220000000005,108.82133492252683,101.75458879618594,127.95101311084623
5874787,snap_to_nearest,5,839,8.065548136590653,27.054071070620545,14.367345247453642,76.26,0.45446960667461267,0.44898688915375445,0.47497020262216927
5874787,first_point,5,839,16.265059085785847,39.20789235088125,31.175692474896472,2.7000000000000006,0.016090584028605484,0.016090584028605484,0.016209773539928488
5875173,centroid,4,617,9.992733436046503,38.8975508519533,27.966045635601454,11.2,0.0726094003241491,0.07163695299837926,0.07439222042139385
5875173,medoid,4,617,9.880789105110665,41.46086811561165,27.874363238892837,16994.425,110.17455429497568,108.67471636952999,112.32820097244732
5875173,snap_to_nearest,4,617,9.960950594612365,39.631279471020925,28.05774754611523,40.45,0.2622366288492707,0.25867098865478116,0.26612641815235005
5875173,first_point,4,617,29.781639699016424,76.44423041681831,64.55936410217677,1.65,0.010696920583468396,0.01053484602917342,0.010696920583468396
5882173,centroid,7,392,2.7142114947437372,14.150394782546364,10.166454147610018,5.628571428571428,0.10051020408163265,0.09948979591836735,0.10076530612244898
5882173,medoid,7,392,2.682612397585331,16.614534945988204,11.62107345805802,1366.0571428571427,24.393877551020406,24.340561224489797,26.53673469387755
5882173,snap_to_nearest,7,392,2.736977152746692,14.458164404678985,10.339658851562898,33.957142857142856,0.6063775510204081,0.6040816326530613,0.6066326530612245
5882173,first_point,7,392,12.259055178238244,28.046918629215284,17.826649121274897,3.3714285714285714,0.06020408163265306,0.05918367346938775,0.06173469387755102
5969330,centroid,5,262,5.284012906845919,17.037860084677032,11.127654371152502,10.940000000000001,0.2087786259541985,0.20725190839694654,0.21564885496183206
5969330,medoid,5,262,5.065720885214606,16.779714095818715,13.999526110188185,740.48,14.131297709923665,13.089312977099237,17.017175572519083
5969330,snap_to_nearest,5,262,5.182861108616236,16.867196907316572,11.29518553315907,31.380000000000003,0.5988549618320611,0.5958015267175573,0.599618320610687
5969330,first_point,5,262,12.113374378922797,30.239109737601417,22.133549445753786,3.3600000000000003,0.06412213740458016,0.06259541984732823,0.06450381679389312
5969331,centroid,5,347,4.953985743116491,16.937262607073357,12.606231883367936,13.06,0.18818443804034582,0.18760806916426512,0.19020172910662825
5969331,medoid,5,347,4.853635906998175,16.326154327778262,13.412346702049094,1256.18,18.10057636887608,17.461095100864554,18.53976945244957
5969331,snap_to_nearest,5,347,4.919829989153032,17.110098737785986,12.623671763630988,44.900000000000006,0.6469740634005764,0.6374639769452449,0.6518731988472622
5969331,first_point,5,347,13.806507433481562,30.234954598857705,26.574412090294356,3.4600000000000004,0.04985590778097983,0.049567723342939476,0.05014409221902017
5969362,centroid,5,223,2.591778760145486,13.787019430428067,9.94099919081262,10.1,0.226457399103139,0.215695067264574,0.25739910313901343
5969362,medoid,5,223,2.5261667489792,13.921607932661951,10.735828446516587,889.4000000000001,19.94170403587444,18.138565022421524,21.227354260089687
5969362,snap_to_nearest,5,223,2.6044386301056894,13.786645723078573,9.945351999560101,26.78,0.6004484304932736,0.5995515695067264,0.6040358744394618
5969362,first_point,5,223,10.712648940809865,26.11457172783709,16.713459761480447,2.9600000000000004,0.06636771300448431,0.06547085201793722,0.06860986547085202
6058407,centroid,7,367,3.7738457869564863,18.84187762722402,10.324514359439945,10.342857142857145,0.19727520435967305,0.19591280653950954,0.2021798365122616
6058407,medoid,7,367,3.625826600429538,23.585291031057295,13.978193590121215,1413.7714285714285,26.965667574931878,25.1850136239782,29.529972752043598
6058407,snap_to_nearest,7,367,3.780227131330219,20.176649905158307,10.647452990818207,29.128571428571433,0.5555858310626703,0.5449591280653951,0.5923705722070844
6058407,first_point,7,367,10.860295661347337,33.793677797320335,24.941314023926846,1.5285714285714285,0.029155313351498634,0.029155313351498634,0.02997275204359673
6062407,centroid,6,333,3.309103717432222,15.603592703116725,10.750289542871636,12.65,0.22792792792792793,0.22282282282282284,0.2285285285285285
6062407,medoid,6,333,3.187820637076382,15.446044468993328,11.309623018843677,1697.1166666666668,30.57867867867868,29.873873873873872,30.953453453453452
6062407,snap_to_nearest,6,333,3.300393832624119,15.26890411128326,10.690620213559672,34.95,0.6297297297297297,0.6294294294294294,0.6339339339339339
6062407,first_point,6,333,12.035994745303194,28.766321623738914,18.426779070010653,3.2333333333333334,0.058258258258258255,0.05675675675675675,0.058858858858858866
6109129,centroid,3,239,1.869903242759799,15.019326326624638,7.039849790161683,14.566666666666668,0.18284518828451884,0.17698744769874475,0.18284518828451884
6109129,medoid,3,239,1.850935695418591,14.955658511465204,7.149769398901821,3383.3,42.46820083682008,40.765271966527195,47.71882845188284
6109129,snap_to_nearest,3,239,1.8646145566021457,15.129584434952603,6.942390835961639,31.200000000000003,0.3916317991631799,0.38200836820083683,0.398744769874477
6109129,first_point,3,239,11.514158235940906,26.12556395674994,14.93149646086039,1.5000000000000002,0.01882845188284519,0.018410041841004185,0.01924686192468619
6148097,centroid,4,267,3.4443130134099915,17.9013081582183,9.230283766012953,12.9,0.19325842696629214,0.18689138576779027,0.1943820224719101
6148097,medoid,4,267,3.267512689478471,19.06725512927981,10.405747476981585,3493.225,52.33295880149812,43.11123595505618,56.799250936329585
6148097,snap_to_nearest,4,267,3.4087621574476303,17.91509835605391,9.328724524578526,41.325,0.6191011235955056,0.6172284644194757,0.6325842696629214
6148097,first_point,4,267,14.675743056847635,35.06628194310994,22.233454915064957,1.675,0.025093632958801498,0.025093632958801498,0.025842696629213485
6148143,centroid,4,240,3.746625671454917,13.593220320046631,8.966799266569405,8.675,0.14458333333333334,0.12583333333333332,0.16666666666666666
6148143,medoid,4,240,3.7118891704809927,14.127559683122826,9.66845663834769,1446.775,24.112916666666667,20.68208333333333,24.759999999999998
6148143,snap_to_nearest,4,240,3.745570937111014,13.798989577595629,9.092377663434979,33.3,0.5549999999999999,0.5533333333333333,0.55625
6148143,first_point,4,240,12.50200822917688,25.80822419772894,17.353324700469948,3.125,0.052083333333333336,0.051666666666666666,0.05333333333333334
6148208,centroid,3,327,9.261745632157046,27.843063634227114,19.02367937045382,9.166666666666666,0.08409785932721713,0.0837920489296636,0.08440366972477065
6148208,medoid,3,327,8.439490897297224,33.260888984201635,23.37517387953414,8112.966666666668,74.43088685015292,74.38654434250765,74.46360856269112
6148208,snap_to_nearest,3,327,9.61010874106298,30.287331752481542,20.45561105163094,30.5,0.2798165137614679,0.27951070336391437,0.28287461773700306
6148208,first_point,3,327,22.537963133444755,52.086356312393306,42.38065666240247,2.1,0.01926605504587156,0.01926605504587156,0.020183486238532108
6190357,centroid,2,216,2.023593289722783,11.448668772616388,4.069797878104528,16.9,0.15648148148148147,0.15555555555555556,0.16574074074074072
6190357,medoid,2,216,1.9139982716500612,12.02090351271284,4.783094950174097,5719.05,52.954166666666666,50.15277777777778,71.12731481481481
6190357,snap_to_nearest,2,216,1.975906346028635,11.488279010453848,4.449855520232751,54.85000000000001,0.5078703703703704,0.5023148148148148,0.5152777777777777
6190357,first_point,2,216,4.737893914763761,20.599169244911682,12.650045468501045,2.8,0.025925925925925925,0.025925925925925925,0.02638888888888889
6193396,centroid,5,288,4.994668833430909,16.10231232289081,10.421104951412076,10.86,0.18854166666666666,0.18541666666666667,0.1951388888888889
6193396,medoid,5,288,4.860664995952938,16.10718994268153,11.60521541840486,1204.3799999999999,20.909374999999997,17.171875,23.59652777777778
6193396,snap_to_nearest,5,288,4.940300601491,16.10718994268153,11.3251606451823,18.6,0.3229166666666667,0.321875,0.3229166666666667
6193396,first_point,5,288,13.216794511743094,29.854180519439463,21.386962597672564,1.72,0.02986111111111111,0.02986111111111111,0.030555555555555558
6193436,centroid,6,572,8.927427018367384,31.315761795506916,20.77321624738987,7.9833333333333325,0.08374125874125873,0.08321678321678322,0.08374125874125873
6193436,medoid,6,572,8.781340806246204,40.30616545664419,27.113754169571298,5304.966666666666,55.64650349650349,39.73951048951049,55.723076923076924
6193436,snap_to_nearest,6,572,9.041918197883945,32.80727076148653,22.08864389683326,54.86666666666666,0.5755244755244755,0.573951048951049,0.5762237762237763
6193436,first_point,6,572,20.45229751409461,57.656998574461795,45.524936891597044,3.2833333333333328,0.03444055944055944,0.03426573426573427,0.03531468531468531
