time,latitude,longitude,altitude,osm_way_id,matched_latitude,matched_longitude,matched_distance,matched_type
2022-05-07 21:47:08,37.7717281,-122.4232477,-10.93,28596014,37.771731,-122.423238,0.852125,True
2022-05-07 21:47:09,37.7717283,-122.4232482,-10.936,28596014,37.771731,-122.423239,0.881158,False
2022-05-07 21:47:10,37.7717293,-122.4232499,-10.872,28596014,37.771733,-122.42324,0.963913,False
2022-05-07 21:47:11,37.771731,-122.4232512,-10.731,28596014,37.771734,-122.423241,0.980564,False
2022-05-07 21:47:12,37.7717318,-122.4232517,-10.696,28596014,37.771735,-122.423241,0.979682,False
2022-05-07 21:47:13,37.7717314,-122.4232521,-10.612,28596014,37.771735,-122.423241,1.031101,False
2022-05-07 21:47:14,37.7717317,-122.4232521,-10.465,28596014,37.771735,-122.423241,1.015871,False
2022-05-07 21:47:15,37.7717323,-122.423252,-10.324,28596014,37.771736,-122.423242,0.978155,False
2022-05-07 21:47:16,37.7717333,-122.4232512,-10.15,28596014,37.771736,-122.423242,0.86589,False
2022-05-07 21:47:17,37.7717343,-122.4232496,-10.262,28596014,37.771737,-122.423242,0.691219,False
2022-05-07 21:47:18,37.7717342,-122.4232485,-10.194,28596014,37.771737,-122.423242,0.612711,False
2022-05-07 21:47:19,37.7717342,-122.4232475,-10.203,28596014,37.771737,-122.423242,0.540386,False
2022-05-07 21:47:20,37.7717341,-122.4232466,-10.182,28596014,37.771737,-122.423242,0.487114,False
2022-05-07 21:47:21,37.771734,-122.4232457,-10.247,28596014,37.771737,-122.423242,0.441771,False
2022-05-07 21:47:22,37.7717339,-122.4232452,-10.285,28596014,37.771737,-122.423242,0.425075,False
2022-05-07 21:47:23,37.7717337,-122.4232449,-10.347,28596014,37.771737,-122.423242,0.430604,False
2022-05-07 21:47:24,37.7717338,-122.4232456,-10.287,28596014,37.771737,-122.423242,0.454041,False
2022-05-07 21:47:25,37.7717332,-122.4232465,-10.368,28596014,37.771737,-122.423242,0.554519,False
2022-05-07 21:47:26,37.7717332,-122.4232472,-10.34,28596014,37.771737,-122.423242,0.59462,False
2022-05-07 21:47:27,37.7717337,-122.4232473,-10.224,28596014,37.771737,-122.423242,0.562061,False
2022-05-07 21:47:28,37.7717351,-122.4232476,-9.962,28596014,37.771737,-122.423242,0.495316,False
2022-05-07 21:47:29,37.7717369,-122.4232482,-9.462,28596014,37.771738,-122.423243,0.452375,False
2022-05-07 21:47:30,37.7717394,-122.4232477,-8.978,28596014,37.77174,-122.423244,0.288725,False
2022-05-07 21:47:31,37.7717413,-122.4232472,-8.6,28596014,37.771741,-122.423245,0.15499,False
2022-05-07 21:47:32,37.7717432,-122.4232464,-8.343,28596014,37.771743,-122.423246,0.002147,False
2022-05-07 21:47:33,37.7717448,-122.4232458,-8.123,28596014,37.771744,-122.423247,0.128725,False
2022-05-07 21:47:34,37.771746,-122.4232455,-7.87,28596014,37.771745,-122.423247,0.211957,False
2022-05-07 21:47:35,37.7717472,-122.4232454,-7.595,28596014,37.771746,-122.423248,0.279588,False
2022-05-07 21:47:36,37.7717482,-122.4232449,-7.433,28596014,37.771746,-122.423248,0.368451,False
2022-05-07 21:47:37,37.7717488,-122.4232437,-7.366,28596014,37.771746,-122.423248,0.491976,False
2022-05-07 21:47:38,37.7717486,-122.4232436,-7.289000000000001,28596014,37.771746,-122.423248,0.490377,False
2022-05-07 21:47:39,37.7717533,-122.4232456,-7.191,28596014,37.77175,-122.423251,0.568123,False
2022-05-07 21:47:40,37.7717718,-122.4232585,-7.207,28596014,37.771769,-122.423263,0.505558,False
2022-05-07 21:47:41,37.7718082,-122.4232819,-7.362,28596014,37.771805,-122.423288,0.612092,False
2022-05-07 21:47:42,37.771861,-122.4233154,-7.482,24603573,37.771865,-122.423324,1.004782,True
2022-05-07 21:47:43,37.7719307,-122.4233559,-6.782,24603573,37.771927,-122.423364,0.877845,False
2022-05-07 21:47:44,37.7720079,-122.4234034,-7.11,87554961,37.772003,-122.423413,0.99106,True
2022-05-07 21:47:45,37.7720932,-122.4234555,-7.113,87554961,37.772088,-122.423467,1.16762,True
2022-05-07 21:47:46,37.7721798,-122.4235065,-6.985,87554961,37.772176,-122.423516,0.978116,True
2022-05-07 21:47:47,37.7722536,-122.4235456,-6.477,133781765,37.772251,-122.423555,0.868538,False
2022-05-07 21:47:48,37.7723136,-122.4235717,-6.105,133781765,37.772312,-122.423576,0.449803,True
2022-05-07 21:47:49,37.7723559,-122.4235913,-5.804,133781765,37.772356,-122.423589,0.125957,False
2022-05-07 21:47:50,37.7723824,-122.4236063,-5.376,133781765,37.772383,-122.423597,0.749771,False
2022-05-07 21:47:51,37.7724025,-122.4236129,-5.109,133781765,37.772404,-122.423603,0.815935,True
2022-05-07 21:47:52,37.7724157,-122.4236158,-4.159,133781765,37.772417,-122.423607,0.737191,False
2022-05-07 21:47:53,37.7724247,-122.4236177,-3.436,133781765,37.772426,-122.42361,0.67692,False
2022-05-07 21:47:54,37.7724351,-122.4236201,-2.965,133781765,37.772436,-122.423612,0.666639,False
2022-05-07 21:47:55,37.7724523,-122.423626,-2.364,133781765,37.772453,-122.423616,0.845494,False
2022-05-07 21:47:56,37.7724778,-122.4236313,-1.048,133781765,37.772479,-122.423622,0.813931,False
2022-05-07 21:47:57,37.7725079,-122.423637,0.416,133781765,37.772509,-122.423628,0.728807,True
2022-05-07 21:47:58,37.7725472,-122.4236449,2.01,133781765,37.772548,-122.423637,0.686104,False
2022-05-07 21:47:59,37.7725938,-122.423655,2.997,133781765,37.772594,-122.423646,0.731057,False
2022-05-07 21:48:00,37.7726459,-122.4236645,4.417,133781765,37.772646,-122.423657,0.626723,True
2022-05-07 21:48:01,37.7726998,-122.4236759,5.406,133781765,37.7727,-122.423668,0.654375,False
2022-05-07 21:48:02,37.7727584,-122.4236873,6.444,133781765,37.772759,-122.42368,0.598685,True
2022-05-07 21:48:03,37.7728158,-122.4236973,6.84,133781765,37.772816,-122.423692,0.443502,False
2022-05-07 21:48:04,37.7728666,-122.4237081,6.71,133781765,37.772867,-122.423702,0.474366,True
2022-05-07 21:48:05,37.7729135,-122.4237167,6.21,133781765,37.772914,-122.423712,0.386256,False
2022-05-07 21:48:06,37.7729587,-122.4237253,6.011,133781765,37.772959,-122.423721,0.329503,True
2022-05-07 21:48:07,37.7730084,-122.4237351,5.779,86289459,37.773008,-122.423731,0.320094,False
2022-05-07 21:48:08,37.7730645,-122.4237466,5.602,86289459,37.773065,-122.423742,0.352462,True
2022-05-07 21:48:09,37.7731263,-122.4237594,5.3500000000000005,86289459,37.773126,-122.423755,0.379087,False
2022-05-07 21:48:10,37.7731902,-122.4237712,5.191,86289459,37.77319,-122.423768,0.282777,True
2022-05-07 21:48:11,37.7732508,-122.4237858,4.966,86289459,37.773251,-122.42378,0.485679,False
2022-05-07 21:48:12,37.7733027,-122.4237956,4.407,86289459,37.773303,-122.42379,0.426093,True
2022-05-07 21:48:13,37.7733399,-122.4238048,3.912,86289459,37.77334,-122.423798,0.571154,False
2022-05-07 21:48:14,37.7733802,-122.4238142,3.68,86289459,37.773381,-122.423806,0.679398,False
2022-05-07 21:48:15,37.7734151,-122.4238216,3.543,86289459,37.773416,-122.423813,0.709236,True
2022-05-07 21:48:16,37.7734388,-122.4238296,3.773,86289459,37.77344,-122.423818,0.986229,False
2022-05-07 21:48:17,37.7734584,-122.423835,3.405,86289459,37.773459,-122.423822,1.110356,False
2022-05-07 21:48:18,37.7734745,-122.4238416,3.048,86289459,37.773476,-122.423825,1.3991,False
2022-05-07 21:48:19,37.7734919,-122.4238462,2.996,86289459,37.773494,-122.423829,1.492563,False
2022-05-07 21:48:20,37.7735082,-122.4238522,3.203,86289459,37.77351,-122.423832,1.726037,True
2022-05-07 21:48:21,37.7735226,-122.423858,3.845,86289459,37.773525,-122.423835,1.975393,False
2022-05-07 21:48:22,37.7735315,-122.4238618,3.879,86289459,37.773534,-122.423837,2.148089,False
2022-05-07 21:48:23,37.7735366,-122.4238633,4.2010000000000005,86289459,37.773539,-122.423838,2.188577,False
2022-05-07 21:48:24,37.7735397,-122.4238648,4.231,86289459,37.773542,-122.423839,2.263953,False
2022-05-07 21:48:25,37.7735408,-122.4238651,4.5120000000000005,86289459,37.773544,-122.423839,2.270655,False
2022-05-07 21:48:26,37.773542,-122.4238639,4.694,86289459,37.773545,-122.423839,2.14616,False
2022-05-07 21:48:27,37.7735433,-122.4238624,4.79,86289459,37.773546,-122.423839,1.99403,False
2022-05-07 21:48:28,37.7735445,-122.4238617,4.913,86289459,37.773547,-122.42384,1.912686,False
2022-05-07 21:48:29,37.7735451,-122.4238616,4.916,86289459,37.773547,-122.42384,1.89359,False
2022-05-07 21:48:30,37.7735455,-122.4238613,4.8500000000000005,86289459,37.773548,-122.42384,1.860722,False
2022-05-07 21:48:31,37.7735468,-122.4238607,4.781,86289459,37.773549,-122.42384,1.786263,False
2022-05-07 21:48:32,37.7735574,-122.4238633,5.035,86289459,37.77356,-122.423842,1.825741,False
2022-05-07 21:48:33,37.7735847,-122.4238671,6.139,86289459,37.773587,-122.423848,1.677467,False
2022-05-07 21:48:34,37.7736243,-122.4238719,6.218,86289459,37.773626,-122.423856,1.400934,True
2022-05-07 21:48:35,37.7736718,-122.4238827,6.297,86289459,37.773673,-122.423865,1.504403,False
2022-05-07 21:48:36,37.7737245,-122.4238953,5.821,86289459,37.773726,-122.423876,1.672506,True
2022-05-07 21:48:37,37.7737805,-122.4239084,5.421,86289459,37.773783,-122.423887,1.826195,False
2022-05-07 21:48:38,37.7738398,-122.4239207,4.878,86289459,37.773842,-122.423899,1.853278,True
2022-05-07 21:48:39,37.7738964,-122.4239321,4.7940000000000005,86289459,37.773899,-122.423911,1.849788,False
2022-05-07 21:48:40,37.7739515,-122.423943,4.518,397100592,37.773954,-122.423922,1.831125,True
2022-05-07 21:48:41,37.7740049,-122.423956,4.067,397100592,37.774007,-122.423933,2.023441,False
2022-05-07 21:48:42,37.7740606,-122.4239671,3.63,397100592,37.774063,-122.423944,2.011735,True
2022-05-07 21:48:43,37.7741176,-122.423978,3.79,397100592,37.77412,-122.423955,1.960135,False
2022-05-07 21:48:44,37.7741757,-122.4239884,3.612,397100592,37.774178,-122.423967,1.846232,True
2022-05-07 21:48:45,37.774234,-122.4239996,3.185,397100592,37.774236,-122.423979,1.797893,False
2022-05-07 21:48:46,37.774293,-122.4240115,2.454,397100592,37.774295,-122.423991,1.79778,True
2022-05-07 21:48:47,37.7743546,-122.4240206,1.847,397100592,37.774356,-122.424003,1.510749,False
2022-05-07 21:48:48,37.7744148,-122.4240328,1.222,397100592,37.774416,-122.424015,1.515637,True
2022-05-07 21:48:49,37.7744733,-122.424049,1.836,397100592,37.774475,-122.424027,1.895341,False
2022-05-07 21:48:50,37.7745373,-122.4240662,1.809,397100592,37.77454,-122.42404,2.2656,True
2022-05-07 21:48:51,37.7746068,-122.4240804,1.985,397100592,37.77461,-122.424054,2.281191,False
2022-05-07 21:48:52,37.7746842,-122.4240985,1.168,397100592,37.774687,-122.42407,2.49584,True
2022-05-07 21:48:53,37.7747784,-122.4241158,0.141,397100592,37.774781,-122.424089,2.348971,True
2022-05-07 21:48:54,37.7748827,-122.424136,-0.683,86289470,37.774885,-122.42411,2.269037,True
2022-05-07 21:48:55,37.7749752,-122.4241543,-1.262,86289470,37.774978,-122.424129,2.224432,True
2022-05-07 21:48:56,37.7750625,-122.4241689,-1.572,86289470,37.775065,-122.424146,1.951842,False
2022-05-07 21:48:57,37.7751481,-122.4241913,-2.273,86289470,37.775151,-122.424164,2.382125,True
2022-05-07 21:48:58,37.7752411,-122.4242162,-2.799,86289470,37.775245,-122.424183,2.898231,True
2022-05-07 21:48:59,37.7753452,-122.4242539,-2.872,983835542,37.775351,-122.424205,4.316125,True
2022-05-07 21:49:00,37.7754565,-122.4242782,-3.077,983835542,37.775462,-122.424228,4.441567,True
2022-05-07 21:49:01,37.7755606,-122.4243008,-3.3120000000000003,983835542,37.775567,-122.424249,4.54785,True
2022-05-07 21:49:02,37.7756468,-122.4243322,-3.613,983835542,37.775655,-122.424267,5.730232,False
2022-05-07 21:49:03,37.7757011,-122.4243993,-3.571,61154525,37.775754,-122.42441,5.957593,True
2022-05-07 21:49:04,37.7757172,-122.424487,-3.979,204965468,37.775743,-122.424495,2.959077,False
2022-05-07 21:49:05,37.7757099,-122.4245858,-4.358,204965468,37.775731,-122.42459,2.431586,True
2022-05-07 21:49:06,37.7756963,-122.4246834,-4.393,204965468,37.775719,-122.424688,2.556697,False
2022-05-07 21:49:07,37.7756835,-122.4247755,-4.149,204965468,37.775707,-122.42478,2.671089,True
2022-05-07 21:49:08,37.775672,-122.4248698,-3.929,204965468,37.775695,-122.424874,2.612939,False
2022-05-07 21:49:09,37.7756625,-122.4249689,-3.924,204965468,37.775682,-122.424973,2.269627,True
2022-05-07 21:49:10,37.7756531,-122.4250708,-3.782,204965468,37.775669,-122.425074,1.8764,False
2022-05-07 21:49:11,37.7756412,-122.4251738,-3.688,204965468,37.775656,-122.425176,1.740738,True
2022-05-07 21:49:12,37.7756304,-122.4252751,-3.752,204965468,37.775643,-122.425277,1.508684,False
2022-05-07 21:49:13,37.7756245,-122.4253682,-3.812,204965468,37.775632,-122.425369,0.855986,True
2022-05-07 21:49:14,37.775622,-122.4254546,-3.915,204965468,37.775621,-122.425454,0.074515,False
2022-05-07 21:49:15,37.7756203,-122.4255316,-4.016,204965468,37.775611,-122.425529,0.961416,True
2022-05-07 21:49:16,37.7756165,-122.4256016,-4.254,204965468,37.775602,-122.425598,1.521598,False
2022-05-07 21:49:17,37.7756086,-122.4256725,-4.3,204965468,37.775593,-122.425669,1.646784,True
2022-05-07 21:49:18,37.7756044,-122.4257457,-4.54,204965468,37.775584,-122.425741,2.207874,False
2022-05-07 21:49:19,37.7756044,-122.4258097,-5.226,204965468,37.775576,-122.425804,3.099271,True
2022-05-07 21:49:20,37.7756043,-122.4258648,-5.804,204965468,37.775569,-122.425857,3.855794,False
2022-05-07 21:49:21,37.7756008,-122.4259211,-6.237,204965468,37.775562,-122.425913,4.257907,False
2022-05-07 21:49:22,37.7755909,-122.4259879,-6.215,204965468,37.775552,-122.42599,4.194506,True
2022-05-07 21:49:23,37.7755782,-122.4260588,-6.179,204965468,37.775544,-122.426051,3.722651,False
2022-05-07 21:49:24,37.775566,-122.4261339,-6.438,204965468,37.775535,-122.426128,3.414674,True
2022-05-07 21:49:25,37.7755521,-122.4262148,-6.154,204965468,37.775525,-122.426209,2.982159,False
2022-05-07 21:49:26,37.7755397,-122.4262992,-5.303,204965468,37.775514,-122.426294,2.802861,True
2022-05-07 21:49:27,37.775526,-122.4263794,-4.46,204965468,37.775504,-122.426374,2.423224,False
2022-05-07 21:49:28,37.7755153,-122.4264579,-3.579,204965468,37.775494,-122.426453,2.347406,True
2022-05-07 21:49:29,37.7755051,-122.4265368,-2.7840000000000003,204965468,37.775484,-122.426532,2.331732,False
2022-05-07 21:49:30,37.7754925,-122.4266159,-1.934,204965468,37.775474,-122.426612,2.056864,True
2022-05-07 21:49:31,37.7754812,-122.4266929,-1.04,204965468,37.775464,-122.426689,1.894682,False
2022-05-07 21:49:32,37.7754698,-122.4267701,-0.268,204965468,37.775454,-122.426766,1.724368,True
2022-05-07 21:49:33,37.7754598,-122.4268471,0.465,204965468,37.775444,-122.426843,1.704091,False
2022-05-07 21:49:34,37.7754499,-122.4269219,1.248,204965468,37.775435,-122.426918,1.664121,True
2022-05-07 21:49:35,37.7754367,-122.4269942,2.261,204965468,37.775425,-122.426991,1.229151,False
2022-05-07 21:49:36,37.7754264,-122.4270651,3.092,204965468,37.775416,-122.427063,1.091258,True
2022-05-07 21:49:37,37.7754156,-122.4271348,4.006,204965468,37.775407,-122.427133,0.882091,False
2022-05-07 21:49:38,37.7754035,-122.4271992,5.097,204965468,37.775399,-122.427198,0.457282,True
2022-05-07 21:49:39,37.7753955,-122.4272493,5.88,204965468,37.775392,-122.427248,0.281062,False
2022-05-07 21:49:40,37.7753872,-122.4272883,6.4,204965468,37.775387,-122.427288,0.082337,False
2022-05-07 21:49:41,37.7753787,-122.4273149,6.785,204965468,37.775384,-122.427316,0.640088,True
2022-05-07 21:49:42,37.7753747,-122.4273306,6.916,204965468,37.775382,-122.427332,0.858284,False
2022-05-07 21:49:43,37.7753704,-122.4273405,7.017,204965468,37.775381,-122.427342,1.189921,False
2022-05-07 21:49:44,37.7753696,-122.4273458,7.045,204965468,37.77538,-122.427347,1.203508,False
2022-05-07 21:49:45,37.7753696,-122.4273453,6.956,204965468,37.77538,-122.427347,1.211233,False
2022-05-07 21:49:46,37.775369,-122.4273483,7.0120000000000005,204965468,37.77538,-122.42735,1.23422,False
2022-05-07 21:49:47,37.7753671,-122.4273564,7.006,204965468,37.775378,-122.427358,1.328924,False
2022-05-07 21:49:48,37.7753667,-122.4273671,6.833,204965468,37.775377,-122.427369,1.223719,False
2022-05-07 21:49:49,37.7753648,-122.4273751,6.851,204965468,37.775376,-122.427377,1.319814,False
2022-05-07 21:49:50,37.775364,-122.4273796,6.809,204965468,37.775376,-122.427382,1.344532,False
2022-05-07 21:49:51,37.775364,-122.4273811,6.867,204965468,37.775375,-122.427383,1.323662,False
2022-05-07 21:49:52,37.7753637,-122.4273823,6.953,204965468,37.775375,-122.427384,1.339714,False
2022-05-07 21:49:53,37.7753638,-122.4273827,6.928,204965468,37.775375,-122.427385,1.323233,False
2022-05-07 21:49:54,37.7753637,-122.4273834,7.073,204965468,37.775375,-122.427385,1.32441,False
2022-05-07 21:49:55,37.7753633,-122.4273841,7.214,204965468,37.775375,-122.427386,1.358333,False
2022-05-07 21:49:56,37.7753632,-122.4273839,7.135,204965468,37.775375,-122.427386,1.372119,False
2022-05-07 21:49:57,37.775363,-122.4273842,7.147,204965468,37.775375,-122.427386,1.389689,False
2022-05-07 21:49:58,37.7753626,-122.4273847,7.233,204965468,37.775375,-122.427387,1.426396,False
2022-05-07 21:49:59,37.7753632,-122.4273852,7.309,204965468,37.775375,-122.427387,1.353945,False
2022-05-07 21:50:00,37.775363,-122.427386,7.461,204965468,37.775375,-122.427388,1.364646,False
2022-05-07 21:50:01,37.7753627,-122.4273867,7.566,204965468,37.775375,-122.427389,1.387654,False
2022-05-07 21:50:02,37.7753628,-122.427387,7.58,204965468,37.775375,-122.427389,1.372565,False
2022-05-07 21:50:03,37.7753632,-122.4273874,7.624,204965468,37.775375,-122.427389,1.323337,False
2022-05-07 21:50:04,37.7753634,-122.4273874,7.649,204965468,37.775375,-122.427389,1.30151,False
2022-05-07 21:50:05,37.775364,-122.4273878,7.78,204965468,37.775374,-122.42739,1.230446,False
2022-05-07 21:50:06,37.7753638,-122.4273881,7.87,204965468,37.775374,-122.42739,1.248103,False
2022-05-07 21:50:07,37.7753641,-122.4273883,7.971,204965468,37.775374,-122.42739,1.212574,False
2022-05-07 21:50:08,37.7753651,-122.427388,7.978,204965468,37.775374,-122.42739,1.108444,False
2022-05-07 21:50:09,37.775364,-122.4273896,8.369,204965468,37.775374,-122.427391,1.205403,False
2022-05-07 21:50:10,37.7753639,-122.4273913,8.791,204965468,37.775374,-122.427393,1.192667,False
2022-05-07 21:50:11,37.7753638,-122.4273923,9.167,204965468,37.775374,-122.427394,1.189669,False
2022-05-07 21:50:12,37.7753651,-122.4273927,9.328,204965468,37.775374,-122.427394,1.0422,False
2022-05-07 21:50:13,37.7753657,-122.4273942,9.708,204965468,37.775374,-122.427395,0.955837,False
2022-05-07 21:50:14,37.7753663,-122.4273956,10.129,204965468,37.775374,-122.427397,0.870865,False
2022-05-07 21:50:15,37.7753671,-122.427397,10.57,204965468,37.775373,-122.427398,0.764061,False
2022-05-07 21:50:16,37.7753672,-122.4273976,10.794,204965468,37.775373,-122.427398,0.744798,False
2022-05-07 21:50:17,37.7753668,-122.427398,10.967,204965468,37.775373,-122.427399,0.782895,False
2022-05-07 21:50:18,37.775366,-122.4273986,11.168,204965468,37.775373,-122.4274,0.861873,False
2022-05-07 21:50:19,37.7753653,-122.4273992,11.264,204965468,37.775373,-122.4274,0.929935,False
2022-05-07 21:50:20,37.7753641,-122.4274023,10.734,204965468,37.775373,-122.427404,1.017793,False
2022-05-07 21:50:21,37.775361,-122.4274163,10.464,204965468,37.775371,-122.427418,1.1614,False
2022-05-07 21:50:22,37.775356,-122.4274465,10.558,204965468,37.775367,-122.427448,1.287015,True
2022-05-07 21:50:23,37.7753453,-122.4274878,10.576,204965468,37.775362,-122.427491,1.880392,False
2022-05-07 21:50:24,37.7753351,-122.4275376,11.047,204965468,37.775355,-122.427541,2.300931,False
2022-05-07 21:50:25,37.7753274,-122.427601,11.57,204965468,37.775347,-122.427605,2.259363,True
2022-05-07 21:50:26,37.7753199,-122.427677,12.233,204965468,37.775337,-122.42768,2.003951,False
2022-05-07 21:50:27,37.7753081,-122.4277685,12.413,204965468,37.775326,-122.427771,2.026139,True
2022-05-07 21:50:28,37.7752949,-122.4278783,12.456,204965468,37.775312,-122.427881,2.001148,False
2022-05-07 21:50:29,37.7752805,-122.4279986,13.518,204965468,37.775297,-122.428002,1.901056,True
2022-05-07 21:50:30,37.7752689,-122.4281145,14.631,204965468,37.775282,-122.428117,1.55647,True
2022-05-07 21:50:31,37.775256,-122.4282149,15.559,204965468,37.77527,-122.428217,1.569219,False
2022-05-07 21:50:32,37.7752477,-122.4283009,16.689,204965468,37.775259,-122.428303,1.279972,True
2022-05-07 21:50:33,37.7752442,-122.4283763,17.672,204965468,37.775249,-122.428377,0.614082,False
2022-05-07 21:50:34,37.7752428,-122.4284514,18.26,204965468,37.77524,-122.42845,0.276873,True
2022-05-07 21:50:35,37.775242,-122.428528,19.027,204965468,37.77523,-122.428525,1.254173,False
2022-05-07 21:50:36,37.775241,-122.428593,19.584,204965468,37.775222,-122.428589,2.048418,True
2022-05-07 21:50:37,37.7752423,-122.4286477,19.978,204965468,37.775215,-122.428642,2.950576,False
2022-05-07 21:50:38,37.7752439,-122.428704,20.496,204965468,37.775209,-122.428696,3.907719,False
2022-05-07 21:50:39,37.7752443,-122.4287686,21.01,204965468,37.775201,-122.428759,4.849229,True
2022-05-07 21:50:40,37.7752371,-122.4288407,21.583,204965468,37.775191,-122.428831,5.065362,False
2022-05-07 21:50:41,37.775226,-122.4289171,22.511,204965468,37.775182,-122.428908,4.915536,True
2022-05-07 21:50:42,37.7752166,-122.4289899,23.339,204965468,37.775172,-122.42898,4.901247,False
2022-05-07 21:50:43,37.7752064,-122.4290619,24.182,204965468,37.775163,-122.429053,4.788511,True
2022-05-07 21:50:44,37.7751978,-122.4291366,25.006,204965468,37.775154,-122.429127,4.887957,False
2022-05-07 21:50:45,37.7751877,-122.4292143,26.01,204965468,37.775144,-122.429205,4.865359,True
2022-05-07 21:50:46,37.7751865,-122.4292808,26.729,204965468,37.775135,-122.42927,5.65862,False
2022-05-07 21:50:47,37.7751945,-122.4293326,27.068,204965468,37.775129,-122.429318,7.275985,True
2022-05-07 21:50:48,37.7752107,-122.4293738,27.08,204965468,37.775124,-122.429355,9.643886,False
2022-05-07 21:50:49,37.7752355,-122.4293967,27.12,30832402,37.77521,-122.429401,2.844392,False
2022-05-07 21:50:50,37.7752653,-122.4294081,26.855,30832402,37.775264,-122.429412,0.351901,True
2022-05-07 21:50:51,37.7753005,-122.429413,26.71,30832402,37.775299,-122.429419,0.543046,False
2022-05-07 21:50:52,37.7753414,-122.4294168,26.317,30832402,37.77534,-122.429427,0.928548,False
2022-05-07 21:50:53,37.7753864,-122.4294245,25.525,30832402,37.775384,-122.429436,1.049,True
2022-05-07 21:50:54,37.775441,-122.4294341,25.031,30832402,37.775439,-122.429447,1.17294,False
2022-05-07 21:50:55,37.7755018,-122.4294473,24.305,30832402,37.7755,-122.429459,1.094352,True
2022-05-07 21:50:56,37.7755694,-122.4294607,23.579,30832402,37.775567,-122.429473,1.117119,False
2022-05-07 21:50:57,37.775638,-122.4294762,22.395,30832402,37.775636,-122.429487,0.99381,True
2022-05-07 21:50:58,37.7757063,-122.4294939,21.554,30832402,37.775705,-122.429501,0.681776,False
2022-05-07 21:50:59,37.7757709,-122.4295099,20.637,30832402,37.77577,-122.429514,0.450575,True
2022-05-07 21:51:00,37.7758316,-122.4295202,19.774,30832402,37.77583,-122.429527,0.641671,False
2022-05-07 21:51:01,37.7758893,-122.4295313,18.986,30832402,37.775888,-122.429539,0.710408,True
2022-05-07 21:51:02,37.7759513,-122.4295442,17.993000000000002,30832402,37.77595,-122.429552,0.700359,False
2022-05-07 21:51:03,37.776019,-122.4295575,17.449,30832402,37.776018,-122.429565,0.7045,True
2022-05-07 21:51:04,37.7760891,-122.4295714,17.169,30832402,37.776088,-122.429579,0.699301,False
2022-05-07 21:51:05,37.7761588,-122.429583,16.767,30832402,37.776157,-122.429593,0.918366,True
2022-05-07 21:51:06,37.776229,-122.4295949,16.333000000000002,30832402,37.776227,-122.429607,1.131976,False
2022-05-07 21:51:07,37.7763014,-122.4296081,15.495,30832402,37.776299,-122.429622,1.272302,True
2022-05-07 21:51:08,37.7763763,-122.429621,14.478,30832402,37.776374,-122.429637,1.482676,False
2022-05-07 21:51:09,37.7764522,-122.429633,13.702,30832402,37.776449,-122.429653,1.78836,True
2022-05-07 21:51:10,37.7765255,-122.4296328,12.853,30832402,37.776517,-122.429667,3.133112,False
2022-05-07 21:51:11,37.7765955,-122.4296217,12.097,24603666,37.776593,-122.429616,0.541004,True
2022-05-07 21:51:12,37.7766587,-122.429608,11.214,24603666,37.776653,-122.429588,1.827998,False
2022-05-07 21:51:13,37.7767173,-122.4295986,10.427,24603666,37.776713,-122.429571,2.440627,True
2022-05-07 21:51:14,37.7767718,-122.4295972,9.659,24603666,37.776771,-122.429568,2.543336,False
2022-05-07 21:51:15,37.7768195,-122.4296028,8.953,24603666,37.776822,-122.429577,2.255616,True
2022-05-07 21:51:16,37.7768554,-122.4296101,8.38,24603666,37.776858,-122.429584,2.254496,False
2022-05-07 21:51:17,37.7768738,-122.4296139,8.005,24603666,37.776877,-122.429588,2.25897,False
2022-05-07 21:51:18,37.7768783,-122.4296147,7.761,24603666,37.776881,-122.429589,2.248903,False
2022-05-07 21:51:19,37.7768792,-122.429614,7.699,24603666,37.776882,-122.429589,2.172688,False
2022-05-07 21:51:20,37.77688,-122.4296136,7.67,24603666,37.776883,-122.429589,2.124115,False
2022-05-07 21:51:21,37.7768817,-122.4296125,7.834,24603666,37.776884,-122.429589,1.999327,False
2022-05-07 21:51:22,37.7768833,-122.4296114,8.029,24603666,37.776885,-122.42959,1.876296,False
2022-05-07 21:51:23,37.7768841,-122.4296112,8.1,24603666,37.776886,-122.42959,1.844979,False
2022-05-07 21:51:24,37.7768843,-122.4296116,8.11,24603666,37.776886,-122.42959,1.875977,False
2022-05-07 21:51:25,37.7768848,-122.4296118,8.166,24603666,37.776887,-122.42959,1.884445,False
2022-05-07 21:51:26,37.7768842,-122.4296126,8.018,24603666,37.776887,-122.42959,1.964768,False
2022-05-07 21:51:27,37.7768838,-122.429613,7.917,24603666,37.776887,-122.42959,2.00769,False
2022-05-07 21:51:28,37.7768834,-122.4296131,7.779,24603666,37.776887,-122.42959,2.025704,False
2022-05-07 21:51:29,37.7768826,-122.429614,7.689,24603666,37.776887,-122.42959,2.1233,False
2022-05-07 21:51:30,37.7768822,-122.4296143,7.541,24603666,37.776887,-122.42959,2.160254,False
2022-05-07 21:51:31,37.7768815,-122.4296149,7.487,24603666,37.776887,-122.42959,2.232561,False
2022-05-07 21:51:32,37.7768809,-122.4296152,7.371,24603666,37.776887,-122.42959,2.278011,False
2022-05-07 21:51:33,37.7768802,-122.4296158,7.28,24603666,37.776887,-122.42959,2.353181,False
2022-05-07 21:51:34,37.7768799,-122.429616,7.244,24603666,37.776887,-122.42959,2.381121,False
2022-05-07 21:51:35,37.7768797,-122.429616,7.244,24603666,37.776887,-122.42959,2.389024,False
2022-05-07 21:51:36,37.7768787,-122.4296156,7.024,24603666,37.776887,-122.42959,2.399184,False
2022-05-07 21:51:37,37.7768778,-122.4296152,6.843,24603666,37.776887,-122.42959,2.409931,False
2022-05-07 21:51:38,37.776877,-122.4296149,6.742,24603666,37.776887,-122.42959,2.427562,False
2022-05-07 21:51:39,37.7768761,-122.4296142,6.587,24603666,37.776887,-122.42959,2.42429,False
2022-05-07 21:51:40,37.7768754,-122.4296143,6.534,24603666,37.776887,-122.42959,2.472792,False
2022-05-07 21:51:41,37.7768747,-122.4296142,6.5360000000000005,24603666,37.776887,-122.42959,2.508323,False
2022-05-07 21:51:42,37.7768743,-122.4296134,6.504,24603666,37.776887,-122.42959,2.476757,False
2022-05-07 21:51:43,37.7768731,-122.429614,6.471,24603666,37.776887,-122.42959,2.598464,False
2022-05-07 21:51:44,37.7768724,-122.429614,6.356,24603666,37.776887,-122.42959,2.646624,False
2022-05-07 21:51:45,37.7768722,-122.4296138,6.389,24603666,37.776887,-122.42959,2.647176,False
2022-05-07 21:51:46,37.7768719,-122.4296135,6.394,24603666,37.776887,-122.42959,2.648566,False
2022-05-07 21:51:47,37.7768717,-122.429613,6.415,24603666,37.776887,-122.42959,2.63022,False
2022-05-07 21:51:48,37.7768722,-122.4296115,6.409,24603666,37.776887,-122.42959,2.495948,False
2022-05-07 21:51:49,37.7768728,-122.42961,6.481,24603666,37.776887,-122.42959,2.354963,False
2022-05-07 21:51:50,37.7768734,-122.4296084,6.496,24603666,37.776887,-122.42959,2.208555,False
2022-05-07 21:51:51,37.776873625,-122.429608125,6.41775,24603666,37.776887,-122.42959,2.173971,False
2022-05-07 21:51:52,37.77687385,-122.42960785,6.3395,24603666,37.776887,-122.42959,2.139387,False
2022-05-07 21:51:53,37.776874075,-122.429607575,6.26125,24603666,37.776887,-122.42959,2.104803,False
2022-05-07 21:51:54,37.7768743,-122.4296073,6.183,24603666,37.776887,-122.42959,2.070219,False
2022-05-07 21:51:55,37.7768766,-122.4296077,6.11,24603666,37.776887,-122.42959,1.926513,False
2022-05-07 21:51:56,37.7768929,-122.4296109,5.816,24603666,37.776895,-122.429592,1.664428,False
2022-05-07 21:51:57,37.7769265,-122.4296158,5.347,24603666,37.776928,-122.429598,1.496658,True
2022-05-07 21:51:58,37.7769763,-122.4296253,4.633,24603666,37.776978,-122.429608,1.453635,False
2022-05-07 21:51:59,37.7770423,-122.4296382,4.195,468441206,37.777044,-122.429622,1.400621,True
2022-05-07 21:52:00,37.7771187,-122.4296543,3.719,468441206,37.77712,-122.429638,1.440129,False
2022-05-07 21:52:01,37.7772036,-122.4296701,3.1750000000000003,468441206,37.777205,-122.429655,1.324204,True
2022-05-07 21:52:02,37.7772939,-122.4296892,2.8040000000000003,468441206,37.777295,-122.429673,1.398968,True
2022-05-07 21:52:03,37.7773854,-122.429708,2.22,468441206,37.777387,-122.429691,1.42693,True
2022-05-07 21:52:04,37.7774752,-122.4297263,1.858,468441206,37.777477,-122.42971,1.441367,True
2022-05-07 21:52:05,37.7775604,-122.429741,1.639,468441206,37.777562,-122.429727,1.225285,False
2022-05-07 21:52:06,37.7776357,-122.4297552,1.115,1052596512,37.777637,-122.429742,1.132305,True
2022-05-07 21:52:07,37.7776984,-122.4297681,0.76,1052596512,37.7777,-122.429755,1.14215,False
2022-05-07 21:52:08,37.777747,-122.4297774,0.386,1052596512,37.777748,-122.429765,1.089469,True
2022-05-07 21:52:09,37.7777837,-122.4297836,0.027,1052596512,37.777785,-122.429772,0.978695,False
2022-05-07 21:52:10,37.7778035,-122.4297879,-0.117,1052596512,37.777804,-122.429776,1.00133,False
2022-05-07 21:52:11,37.7778101,-122.4297892,-0.326,1052596512,37.777811,-122.429777,0.997371,False
2022-05-07 21:52:12,37.7778112,-122.4297903,-0.377,1052596512,37.777812,-122.429778,1.072923,False
2022-05-07 21:52:13,37.7778115,-122.4297909,-0.467,1052596512,37.777813,-122.429778,1.119412,False
2022-05-07 21:52:14,37.7778119,-122.4297912,-0.612,1052596512,37.777813,-122.429778,1.138258,False
2022-05-07 21:52:15,37.7778121,-122.4297927,-0.546,1052596512,37.777813,-122.429778,1.264156,False
2022-05-07 21:52:16,37.7778128,-122.4297929,-0.638,1052596512,37.777814,-122.429778,1.269095,False
2022-05-07 21:52:17,37.7778134,-122.4297938,-0.6910000000000001,1052596512,37.777815,-122.429778,1.336189,False
2022-05-07 21:52:18,37.7778142,-122.4297946,-0.711,1052596512,37.777816,-122.429778,1.391136,False
2022-05-07 21:52:19,37.7778151,-122.4297954,-0.682,1052596512,37.777817,-122.429779,1.444324,False
2022-05-07 21:52:20,37.7778156,-122.4297962,-0.706,1052596512,37.777817,-122.429779,1.504549,False
2022-05-07 21:52:21,37.7778158,-122.4297968,-0.768,1052596512,37.777818,-122.429779,1.552797,False
2022-05-07 21:52:22,37.7778159,-122.4297973,-0.891,1052596512,37.777818,-122.429779,1.594176,False
2022-05-07 21:52:23,37.7778158,-122.429798,-1.038,1052596512,37.777818,-122.429779,1.656331,False
2022-05-07 21:52:24,37.7778159,-122.4297983,-1.119,1052596512,37.777818,-122.429779,1.680454,False
2022-05-07 21:52:25,37.7778154,-122.4297987,-1.321,1052596512,37.777818,-122.429779,1.724459,False
2022-05-07 21:52:26,37.7778159,-122.4297995,-1.378,1052596512,37.777818,-122.429779,1.783988,False
2022-05-07 21:52:27,37.7778242,-122.4298007,-1.866,1052596512,37.777826,-122.429781,1.741491,False
2022-05-07 21:52:28,37.7778489,-122.4298044,-2.403,1052596512,37.777851,-122.429786,1.626149,True
2022-05-07 21:52:29,37.7778883,-122.4298116,-2.922,1052596512,37.77789,-122.429794,1.550553,False
2022-05-07 21:52:30,37.777939,-122.4298219,-3.664,1052596511,37.777933,-122.429802,1.741756,True
2022-05-07 21:52:31,37.7780019,-122.4298343,-4.221,1052596511,37.778004,-122.429816,1.559083,False
2022-05-07 21:52:32,37.7780755,-122.4298499,-4.766,1052596511,37.778077,-122.429831,1.631457,True
2022-05-07 21:52:33,37.7781541,-122.4298653,-4.972,1052596511,37.778156,-122.429847,1.592898,False
2022-05-07 21:52:34,37.7782345,-122.4298838,-5.11,1052596511,37.778237,-122.429863,1.790556,True
2022-05-07 21:52:35,37.778317,-122.4299022,-5.563,1052596511,37.778319,-122.42988,1.943044,False
2022-05-07 21:52:36,37.7784015,-122.4299228,-5.67,1052596511,37.778404,-122.429897,2.250596,True
2022-05-07 21:52:37,37.778489,-122.4299431,-5.658,1052596511,37.778492,-122.429915,2.480058,False
2022-05-07 21:52:38,37.778577,-122.4299597,-5.597,1052596509,37.77858,-122.429933,2.355561,True
2022-05-07 21:52:39,37.7786624,-122.4299745,-5.5280000000000005,1052596509,37.778665,-122.42995,2.114639,False
2022-05-07 21:52:40,37.7787486,-122.4299898,-5.66,1052596509,37.778751,-122.429968,1.900815,True
2022-05-07 21:52:41,37.7788369,-122.4300051,-5.414,1052596509,37.778839,-122.429986,1.667669,False
2022-05-07 21:52:42,37.7789285,-122.4300224,-5.4510000000000005,1032790856,37.77893,-122.430004,1.621897,True
2022-05-07 21:52:43,37.7790229,-122.4300412,-5.4990000000000006,1032790856,37.779025,-122.430022,1.611236,True
2022-05-07 21:52:44,37.7791202,-122.4300618,-5.534,1032790856,37.779122,-122.430042,1.683363,True
2022-05-07 21:52:45,37.7792179,-122.4300804,-5.261,1032790856,37.77922,-122.430062,1.575909,True
2022-05-07 21:52:46,37.7793158,-122.4300972,-5.022,1032790856,37.779317,-122.430082,1.309638,True
2022-05-07 21:52:47,37.7794077,-122.4301106,-4.7700000000000005,1032790856,37.779408,-122.4301,0.85516,True
2022-05-07 21:52:48,37.7794844,-122.4301237,-4.19,1032790856,37.779485,-122.430116,0.641201,False
2022-05-07 21:52:49,37.7795441,-122.4301358,-4.304,1032790857,37.779545,-122.430128,0.650079,True
2022-05-07 21:52:50,37.7795895,-122.4301467,-3.935,1032790857,37.77959,-122.430137,0.803811,False
2022-05-07 21:52:51,37.7796208,-122.4301557,-3.709,1032790857,37.779622,-122.430143,1.037987,False
2022-05-07 21:52:52,37.7796412,-122.4301616,-3.42,1032790857,37.779642,-122.430148,1.193563,True
2022-05-07 21:52:53,37.7796507,-122.4301647,-3.287,1032790857,37.779652,-122.43015,1.296432,False
2022-05-07 21:52:54,37.7796521,-122.4301648,-3.4250000000000003,1032790857,37.779653,-122.43015,1.280793,False
2022-05-07 21:52:55,37.7796524,-122.4301661,-3.383,1032790857,37.779654,-122.43015,1.387793,False
2022-05-07 21:52:56,37.7796523,-122.4301654,-3.75,1032790857,37.779654,-122.43015,1.329269,False
2022-05-07 21:52:57,37.779653,-122.4301658,-3.864,1032790857,37.779654,-122.43015,1.3515,False
2022-05-07 21:52:58,37.7796546,-122.4301668,-3.735,1032790857,37.779656,-122.43015,1.410071,False
2022-05-07 21:52:59,37.7796557,-122.4301687,-3.5740000000000003,1032790857,37.779657,-122.430151,1.554988,False
2022-05-07 21:53:00,37.7796571,-122.4301711,-3.218,1032790857,37.779659,-122.430151,1.737858,False
2022-05-07 21:53:01,37.7796583,-122.4301727,-2.885,1032790857,37.77966,-122.430151,1.855149,False
2022-05-07 21:53:02,37.7796591,-122.4301743,-2.69,1032790857,37.779661,-122.430151,1.979374,False
2022-05-07 21:53:03,37.7796595,-122.4301749,-2.676,1032790857,37.779662,-122.430152,2.024225,False
2022-05-07 21:53:04,37.7796596,-122.4301759,-2.619,1032790857,37.779662,-122.430152,2.1088,False
2022-05-07 21:53:05,37.7796592,-122.4301768,-2.597,1032790857,37.779662,-122.430152,2.193635,False
2022-05-07 21:53:06,37.7796597,-122.4301766,-2.547,1032790857,37.779662,-122.430152,2.167482,False
2022-05-07 21:53:07,37.77966,-122.4301766,-2.565,1032790857,37.779663,-122.430152,2.162282,False
2022-05-07 21:53:08,37.7796602,-122.4301771,-2.559,1032790857,37.779663,-122.430152,2.201969,False
2022-05-07 21:53:09,37.7796604,-122.4301772,-2.58,1032790857,37.779663,-122.430152,2.207132,False
2022-05-07 21:53:10,37.7796606,-122.4301771,-2.631,1032790857,37.779663,-122.430152,2.195034,False
2022-05-07 21:53:11,37.779661,-122.4301765,-2.668,1032790857,37.779664,-122.430152,2.136315,False
2022-05-07 21:53:12,37.7796611,-122.4301766,-2.589,1032790857,37.779664,-122.430152,2.143212,False
2022-05-07 21:53:13,37.7796612,-122.4301771,-2.602,1032790857,37.779664,-122.430152,2.184633,False
2022-05-07 21:53:14,37.7796613,-122.4301773,-2.668,1032790857,37.779664,-122.430152,2.200161,False
2022-05-07 21:53:15,37.7796612,-122.4301772,-2.823,1032790857,37.779664,-122.430152,2.193298,False
2022-05-07 21:53:16,37.7796638,-122.430178,-2.894,1032790857,37.779666,-122.430152,2.217238,False
2022-05-07 21:53:17,37.7796772,-122.4301814,-3.02,1032790857,37.77968,-122.430155,2.278391,False
2022-05-07 21:53:18,37.7797075,-122.4301871,-3.122,1032790857,37.77971,-122.430161,2.245085,False
2022-05-07 21:53:19,37.7797523,-122.4301966,-3.15,1032790857,37.779755,-122.430171,2.243837,True
2022-05-07 21:53:20,37.7798096,-122.4302085,-3.051,620247386,37.779812,-122.430183,2.221813,False
2022-05-07 21:53:21,37.779878,-122.4302233,-3.165,620247386,37.779881,-122.430197,2.304482,True
2022-05-07 21:53:22,37.7799557,-122.4302405,-3.145,620247386,37.779959,-122.430212,2.436467,False
2022-05-07 21:53:23,37.7800397,-122.4302603,-3.027,620247386,37.780043,-122.430229,2.683178,True
2022-05-07 21:53:24,37.7801274,-122.4302787,-2.9410000000000003,620247386,37.780131,-122.430247,2.744672,False
2022-05-07 21:53:25,37.7802177,-122.4302963,-2.899,620247386,37.780221,-122.430265,2.691874,True
2022-05-07 21:53:26,37.7803077,-122.430315,-2.669,620247386,37.780311,-122.430284,2.739227,True
2022-05-07 21:53:27,37.7803943,-122.4303322,-2.311,417699603,37.780398,-122.430301,2.710292,False
2022-05-07 21:53:28,37.7804685,-122.4303469,-2.202,417699603,37.780472,-122.430316,2.67687,True
2022-05-07 21:53:29,37.7805257,-122.4303582,-1.962,417699603,37.780529,-122.430328,2.648338,False
2022-05-07 21:53:30,37.7805657,-122.4303655,-1.897,417699603,37.780569,-122.430336,2.576436,True
2022-05-07 21:53:31,37.7805875,-122.4303709,-1.694,417699603,37.780591,-122.43034,2.659897,False
2022-05-07 21:53:32,37.780596,-122.4303732,-1.446,417699603,37.780599,-122.430342,2.709221,False
2022-05-07 21:53:33,37.7805973,-122.4303749,-1.146,417699603,37.780601,-122.430342,2.833092,False
2022-05-07 21:53:34,37.7805979,-122.4303764,-0.715,417699603,37.780602,-122.430343,2.951987,False
2022-05-07 21:53:35,37.7806,-122.4303764,-0.13,417699603,37.780604,-122.430343,2.915145,False
2022-05-07 21:53:36,37.7806016,-122.4303763,0.39,417699603,37.780605,-122.430343,2.878446,False
2022-05-07 21:53:37,37.780603,-122.4303763,0.801,417699603,37.780607,-122.430344,2.853885,False
2022-05-07 21:53:38,37.7806045,-122.4303765,1.366,417699603,37.780608,-122.430344,2.844826,False
2022-05-07 21:53:39,37.7806056,-122.4303772,1.95,417699603,37.780609,-122.430344,2.885924,False
2022-05-07 21:53:40,37.7806065,-122.4303775,2.4210000000000003,417699603,37.78061,-122.430344,2.896019,False
2022-05-07 21:53:41,37.7806078,-122.4303781,2.99,417699603,37.780611,-122.430345,2.92498,False
2022-05-07 21:53:42,37.7806086,-122.4303791,3.516,417699603,37.780612,-122.430345,2.997226,False
2022-05-07 21:53:43,37.7806099,-122.4303798,4.114,417699603,37.780614,-122.430345,3.034816,False
2022-05-07 21:53:44,37.7806112,-122.4303804,4.687,417699603,37.780615,-122.430345,3.063777,False
2022-05-07 21:53:45,37.7806122,-122.4303801,4.918,417699603,37.780616,-122.430345,3.020349,False
2022-05-07 21:53:46,37.7806129,-122.4303797,5.1080000000000005,417699603,37.780617,-122.430346,2.973556,False
2022-05-07 21:53:47,37.7806135,-122.4303799,5.327,417699603,37.780617,-122.430346,2.980286,False
2022-05-07 21:53:48,37.7806144,-122.4303802,5.6850000000000005,417699603,37.780618,-122.430346,2.990381,False
2022-05-07 21:53:49,37.7806146,-122.4303808,5.95,417699603,37.780618,-122.430346,3.038641,False
2022-05-07 21:53:50,37.7806146,-122.4303812,6.1160000000000005,417699603,37.780619,-122.430346,3.073153,False
2022-05-07 21:53:51,37.7806143,-122.4303818,6.291,417699603,37.780619,-122.430346,3.13028,False
2022-05-07 21:53:52,37.7806141,-122.4303829,6.582,417699603,37.780619,-122.430346,3.228752,False
2022-05-07 21:53:53,37.7806136,-122.4303838,6.795,417699603,37.780619,-122.430346,3.315834,False
2022-05-07 21:53:54,37.7806134,-122.4303849,7.146,417699603,37.780619,-122.430346,3.414375,False
2022-05-07 21:53:55,37.7806132,-122.4303862,7.437,417699603,37.780619,-122.430346,3.530107,False
2022-05-07 21:53:56,37.7806134,-122.4303869,7.69,417699603,37.780619,-122.430346,3.586383,False
2022-05-07 21:53:57,37.7806131,-122.4303874,7.869,417699603,37.780619,-122.430346,3.635243,False
2022-05-07 21:53:58,37.7806126,-122.4303882,7.982,417699603,37.780619,-122.430346,3.714188,False
2022-05-07 21:53:59,37.7806121,-122.430389,8.079,417699603,37.780619,-122.430346,3.793584,False
2022-05-07 21:54:00,37.7806136,-122.4303904,8.091,417699603,37.780619,-122.430346,3.884482,False
2022-05-07 21:54:01,37.7806268,-122.4303931,8.008000000000001,417699603,37.780632,-122.430349,3.885861,False
2022-05-07 21:54:02,37.7806552,-122.4303988,7.962,417699603,37.78066,-122.430354,3.884022,True
2022-05-07 21:54:03,37.7806964,-122.4304063,7.865,417699603,37.780701,-122.430362,3.849341,False
2022-05-07 21:54:04,37.7807464,-122.4304155,7.78,1032783931,37.780752,-122.430372,3.773278,True
2022-05-07 21:54:05,37.7808,-122.430426,7.642,1032783931,37.780805,-122.430384,3.69417,False
2022-05-07 21:54:06,37.780855,-122.430438,7.459,1032783931,37.78086,-122.430395,3.773513,True
2022-05-07 21:54:07,37.7809097,-122.4304482,7.378,1032783931,37.780914,-122.430406,3.702732,False
2022-05-07 21:54:08,37.7809616,-122.43046,7.133,1032783931,37.780967,-122.430416,3.818713,True
2022-05-07 21:54:09,37.7810065,-122.4304694,6.6080000000000005,1032783931,37.781011,-122.430425,3.849279,False
2022-05-07 21:54:10,37.7810451,-122.4304761,6.282,1032783931,37.78105,-122.430433,3.75637,False
2022-05-07 21:54:11,37.78108,-122.4304828,6.129,1032783931,37.781076,-122.430438,3.841915,True
2022-05-07 21:54:12,37.7811077,-122.4304865,5.71,1032783931,37.781112,-122.430446,3.575114,False
2022-05-07 21:54:13,37.781128,-122.4304903,5.229,1032783931,37.781132,-122.43045,3.555563,False
2022-05-07 21:54:14,37.7811448,-122.4304936,4.788,1032783931,37.781149,-122.430453,3.55278,False
2022-05-07 21:54:15,37.781156,-122.4304956,4.473,1032783931,37.78116,-122.430455,3.533658,False
2022-05-07 21:54:16,37.7811598,-122.4304977,4.364,1032783931,37.781164,-122.430456,3.649886,False
2022-05-07 21:54:17,37.7811597,-122.4304984,4.295,1032783931,37.781164,-122.430456,3.712032,False
2022-05-07 21:54:18,37.7811603,-122.4304995,4.306,1032783931,37.781165,-122.430456,3.796723,False
2022-05-07 21:54:19,37.7811631,-122.430501,4.245,1032783931,37.781168,-122.430457,3.878276,False
2022-05-07 21:54:20,37.7811666,-122.4305016,4.206,1032783931,37.781172,-122.430457,3.870141,False
2022-05-07 21:54:21,37.7811707,-122.4305015,4.22,1032783931,37.781176,-122.430458,3.7913,True
2022-05-07 21:54:22,37.7811726,-122.4305018,4.024,1032783931,37.781177,-122.430459,3.784665,False
2022-05-07 21:54:23,37.7811728,-122.4305025,4.032,1032783931,37.781178,-122.430459,3.841673,False
2022-05-07 21:54:24,37.7811723,-122.4305042,4.081,1032783931,37.781178,-122.430459,3.997126,False
2022-05-07 21:54:25,37.7811748,-122.4305063,4.325,1032783931,37.78118,-122.430459,4.13549,False
2022-05-07 21:54:26,37.7811836,-122.4305086,4.363,1032783931,37.781189,-122.430461,4.183365,False
2022-05-07 21:54:27,37.7812018,-122.4305114,4.082,1032783931,37.781207,-122.430464,4.113442,False
2022-05-07 21:54:28,37.78123,-122.430517,3.942,1032783931,37.781235,-122.43047,4.114011,False
2022-05-07 21:54:29,37.7812689,-122.4305244,3.816,1032783931,37.781274,-122.430478,4.086753,True
2022-05-07 21:54:30,37.7813167,-122.4305345,3.886,1032783932,37.781322,-122.430487,4.138088,False
2022-05-07 21:54:31,37.7813728,-122.4305463,3.909,1032783932,37.781378,-122.430499,4.1633,True
2022-05-07 21:54:32,37.7814312,-122.4305586,4.027,1032783932,37.781437,-122.430511,4.190944,False
2022-05-07 21:54:33,37.7814887,-122.4305679,3.89,1032783932,37.781494,-122.430522,3.975732,True
2022-05-07 21:54:34,37.7815425,-122.4305768,3.2920000000000003,1032783932,37.781547,-122.430533,3.791485,False
2022-05-07 21:54:35,37.7815935,-122.430586,3.1670000000000003,1032783932,37.781598,-122.430544,3.685656,True
2022-05-07 21:54:36,37.7816381,-122.4306053,2.938,1032783932,37.781644,-122.430553,4.581604,False
2022-05-07 21:54:37,37.7816677,-122.4306431,2.653,985061716,37.781651,-122.430639,1.790056,False
2022-05-07 21:54:38,37.7816793,-122.4306978,2.532,985061716,37.781644,-122.430702,3.920233,True
2022-05-07 21:54:39,37.7816745,-122.4307676,2.42,985061716,37.781636,-122.43076,4.218857,False
2022-05-07 21:54:40,37.7816649,-122.430847,2.126,985061716,37.781626,-122.430839,4.256353,True
2022-05-07 21:54:41,37.7816533,-122.4309354,2.0420000000000003,985061716,37.781615,-122.430927,4.218461,False
2022-05-07 21:54:42,37.781641,-122.4310266,2.028,985061716,37.781604,-122.431019,4.143064,True
2022-05-07 21:54:43,37.781631,-122.4311169,2.817,985061716,37.781592,-122.431109,4.30623,False
2022-05-07 21:54:44,37.7816184,-122.431208,2.946,985061716,37.78158,-122.4312,4.196695,True
2022-05-07 21:54:45,37.7816062,-122.4312982,3.165,985061716,37.781569,-122.43129,4.118319,False
2022-05-07 21:54:46,37.7815919,-122.431388,3.38,985061716,37.781557,-122.431381,3.805148,True
2022-05-07 21:54:47,37.7815762,-122.4314785,3.42,985061716,37.781546,-122.431472,3.34888,False
2022-05-07 21:54:48,37.781563,-122.4315707,3.586,985061716,37.781534,-122.431564,3.189135,True
2022-05-07 21:54:49,37.7815524,-122.4316634,3.856,985061716,37.781522,-122.431657,3.344166,False
2022-05-07 21:54:50,37.7815431,-122.4317496,4.203,985061716,37.781512,-122.431736,3.638219,True
2022-05-07 21:54:51,37.7815351,-122.4318188,4.416,985061716,37.781504,-122.431802,3.705478,False
2022-05-07 21:54:52,37.7815285,-122.4318726,4.61,985061716,37.781495,-122.431866,3.654012,True
2022-05-07 21:54:53,37.7815228,-122.4319092,4.6930000000000005,985061716,37.781491,-122.431902,3.532552,False
2022-05-07 21:54:54,37.7815208,-122.4319296,5.0360000000000005,985061716,37.781488,-122.431923,3.593388,False
2022-05-07 21:54:55,37.7815209,-122.4319461,5.397,985061716,37.781486,-122.431939,3.830166,False
2022-05-07 21:54:56,37.7815217,-122.4319625,5.885,985061716,37.781484,-122.431955,4.142015,False
2022-05-07 21:54:57,37.7815195,-122.4319822,6.368,985061716,37.781482,-122.431974,4.17143,False
2022-05-07 21:54:58,37.781517,-122.4320198,6.527,985061716,37.781477,-122.432011,4.413104,True
2022-05-07 21:54:59,37.7815105,-122.4320718,6.79,985061716,37.781471,-122.432063,4.415081,False
2022-05-07 21:55:00,37.7815055,-122.4321299,6.969,985061716,37.781463,-122.432121,4.66436,False
2022-05-07 21:55:01,37.7815008,-122.4321862,7.297,985061716,37.781456,-122.432177,4.921761,True
2022-05-07 21:55:02,37.7814938,-122.4322388,7.649,985061716,37.78145,-122.432229,4.889383,False
2022-05-07 21:55:03,37.7814895,-122.432279,6.593,985061716,37.781444,-122.432269,4.987806,False
2022-05-07 21:55:04,37.7814644,-122.4323159,6.6080000000000005,985061716,37.781439,-122.43231,2.776991,True
2022-05-07 21:55:05,37.7814222,-122.4323425,7.11,399138121,37.781422,-122.432343,0.065235,False
2022-05-07 21:55:06,37.7813729,-122.4323452,6.804,399138121,37.781374,-122.432333,1.077617,True
2022-05-07 21:55:07,37.7813225,-122.4323295,6.1370000000000005,399138121,37.781323,-122.432322,0.607866,False
2022-05-07 21:55:08,37.7812648,-122.4323279,5.791,399138121,37.781266,-122.432311,1.470804,True
2022-05-07 21:55:09,37.7811999,-122.4323285,5.379,399138121,37.781203,-122.432298,2.648527,False
2022-05-07 21:55:10,37.7811207,-122.432315,4.252,399138121,37.781124,-122.432282,2.85744,True
2022-05-07 21:55:11,37.7810394,-122.4323032,3.628,399138121,37.781044,-122.432266,3.249505,False
2022-05-07 21:55:12,37.7809592,-122.4322901,2.689,399138121,37.780964,-122.43225,3.510291,True
2022-05-07 21:55:13,37.7808906,-122.4322773,1.394,399138121,37.780895,-122.432236,3.595721,False
2022-05-07 21:55:14,37.7808406,-122.432272,0.204,399138121,37.780846,-122.432226,4.00575,True
2022-05-07 21:55:15,37.7807953,-122.4322646,-0.209,399138121,37.780801,-122.432217,4.152998,False
2022-05-07 21:55:16,37.7807562,-122.4322569,0.206,399138121,37.780762,-122.432209,4.166792,False
2022-05-07 21:55:17,37.7807274,-122.4322535,0.912,399138121,37.780733,-122.432204,4.373004,True
2022-05-07 21:55:18,37.7807115,-122.4322504,0.89,399138121,37.780717,-122.4322,4.381306,False
2022-05-07 21:55:19,37.7807019,-122.4322509,1.542,399138121,37.780708,-122.432199,4.591009,False
2022-05-07 21:55:20,37.780693,-122.4322516,2.744,399138121,37.780699,-122.432197,4.805829,False
2022-05-07 21:55:21,37.7806868,-122.4322516,3.479,399138121,37.780693,-122.432196,4.913393,False
2022-05-07 21:55:22,37.7806826,-122.4322511,3.624,399138121,37.780689,-122.432195,4.943105,False
2022-05-07 21:55:23,37.7806773,-122.4322505,3.897,399138121,37.780684,-122.432194,4.983272,False
2022-05-07 21:55:24,37.7806716,-122.4322509,4.363,399138121,37.780678,-122.432193,5.116683,False
2022-05-07 21:55:25,37.7806657,-122.4322529,5.011,399138121,37.780673,-122.432191,5.391654,False
2022-05-07 21:55:26,37.7806609,-122.4322537,5.755,399138121,37.780668,-122.432191,5.543973,False
2022-05-07 21:55:27,37.7806563,-122.4322542,6.485,399138121,37.780664,-122.43219,5.666931,False
2022-05-07 21:55:28,37.7806504,-122.4322541,6.986,399138121,37.780658,-122.432188,5.76066,False
2022-05-07 21:55:29,37.780642,-122.432253,7.162,399138121,37.78065,-122.432187,5.811456,False
2022-05-07 21:55:30,37.7806306,-122.432252,7.04,399138121,37.780639,-122.432185,5.922929,True
2022-05-07 21:55:31,37.7806167,-122.4322518,6.8740000000000006,399138121,37.780625,-122.432182,6.146819,False
2022-05-07 21:55:32,37.7806029,-122.432252,6.707,399138121,37.780611,-122.432179,6.403497,False
2022-05-07 21:55:33,37.7805916,-122.4322532,6.54,399138121,37.780601,-122.432177,6.703108,False
2022-05-07 21:55:34,37.7805797,-122.432256,6.255,399138121,37.780589,-122.432175,7.151217,False
2022-05-07 21:55:35,37.7805576,-122.4322655,5.825,399138121,37.780569,-122.432171,8.359996,False
2022-05-07 21:55:36,37.7805325,-122.432286,5.805,398681182,37.780486,-122.432276,5.113621,True
2022-05-07 21:55:37,37.7805112,-122.4323231,6.053,398681182,37.780481,-122.432317,3.307081,False
2022-05-07 21:55:38,37.7805027,-122.4323768,6.252,398681182,37.780474,-122.432371,3.129488,False
2022-05-07 21:55:39,37.7804939,-122.4324417,6.801,398681182,37.780466,-122.432436,3.075604,True
2022-05-07 21:55:40,37.7804845,-122.4325181,6.884,398681182,37.780456,-122.432512,3.116878,False
2022-05-07 21:55:41,37.7804752,-122.4326042,6.748,398681182,37.780445,-122.432598,3.304567,True
2022-05-07 21:55:42,37.7804636,-122.4326986,6.699,398681182,37.780433,-122.432692,3.357165,False
2022-05-07 21:55:43,37.7804516,-122.4328001,7.248,398681182,37.78042,-122.432793,3.465286,True
2022-05-07 21:55:44,37.7804381,-122.432903,7.3,398681182,37.780407,-122.432896,3.423868,False
2022-05-07 21:55:45,37.7804244,-122.4330081,7.356,398681182,37.780394,-122.433001,3.387105,True
2022-05-07 21:55:46,37.7804101,-122.4331134,7.489,398681182,37.78038,-122.433107,3.28762,False
2022-05-07 21:55:47,37.7803972,-122.433214,7.463,398681182,37.780367,-122.433208,3.275728,True
2022-05-07 21:55:48,37.7803836,-122.4333043,7.576,398681182,37.780356,-122.433298,3.04446,False
2022-05-07 21:55:49,37.7803722,-122.433383,7.739,398681182,37.780346,-122.433377,2.892343,True
2022-05-07 21:55:50,37.7803621,-122.4334537,7.915,398681182,37.780337,-122.433448,2.771101,False
2022-05-07 21:55:51,37.7803538,-122.4335167,7.789000000000001,398681182,37.780329,-122.433511,2.739477,True
2022-05-07 21:55:52,37.7803479,-122.4335676,8.009,398681182,37.780322,-122.433562,2.801899,False
2022-05-07 21:55:53,37.7803454,-122.4336044,8.229000000000001,398681182,37.780318,-122.433598,3.03977,False
2022-05-07 21:55:54,37.7803452,-122.4336256,8.446,398681182,37.780315,-122.433619,3.312191,False
2022-05-07 21:55:55,37.780343,-122.4336354,8.628,398681182,37.780314,-122.433629,3.208055,True
2022-05-07 21:55:56,37.780342,-122.4336368,8.74,398681182,37.780314,-122.433631,3.118323,False
2022-05-07 21:55:57,37.7803415,-122.433637,8.627,398681182,37.780314,-122.433631,3.066517,False
2022-05-07 21:55:58,37.7803416,-122.4336378,8.703,398681182,37.780314,-122.433632,3.088538,False
2022-05-07 21:55:59,37.7803413,-122.4336385,8.706,398681182,37.780313,-122.433632,3.065504,False
2022-05-07 21:56:00,37.7803405,-122.4336392,8.721,398681182,37.780313,-122.433633,2.98789,False
2022-05-07 21:56:01,37.7803397,-122.4336396,8.671,398681182,37.780313,-122.433634,2.906111,False
2022-05-07 21:56:02,37.7803386,-122.4336401,8.699,398681182,37.780313,-122.433635,2.792971,False
2022-05-07 21:56:03,37.7803385,-122.43364,8.447000000000001,398681182,37.780313,-122.433635,2.780675,False
2022-05-07 21:56:04,37.7803386,-122.4336399,8.317,398681182,37.780313,-122.433635,2.790248,False
2022-05-07 21:56:05,37.7803382,-122.4336403,8.33,398681182,37.780313,-122.433635,2.752082,False
2022-05-07 21:56:06,37.7803376,-122.4336407,8.428,398681182,37.780313,-122.433635,2.692135,False
2022-05-07 21:56:07,37.7803367,-122.4336413,8.485,398681182,37.780313,-122.433636,2.602216,False
2022-05-07 21:56:08,37.7803368,-122.4336416,8.58,398681182,37.780313,-122.433636,2.617296,False
2022-05-07 21:56:09,37.7803371,-122.4336423,9.121,398681182,37.780313,-122.433637,2.659761,False
2022-05-07 21:56:10,37.7803369,-122.4336421,9.369,398681182,37.780313,-122.433637,2.635189,False
2022-05-07 21:56:11,37.7803369,-122.4336424,9.606,398681182,37.780313,-122.433637,2.639317,False
2022-05-07 21:56:12,37.7803368,-122.4336429,9.782,398681182,37.780313,-122.433638,2.63534,False
2022-05-07 21:56:13,37.7803363,-122.4336426,9.764,398681182,37.780313,-122.433638,2.576651,False
2022-05-07 21:56:14,37.780336,-122.4336425,9.669,398681182,37.780313,-122.433638,2.54254,False
2022-05-07 21:56:15,37.7803356,-122.4336427,9.608,398681182,37.780313,-122.433638,2.501568,False
2022-05-07 21:56:16,37.7803353,-122.4336429,9.589,398681182,37.780313,-122.433638,2.471595,False
2022-05-07 21:56:17,37.7803354,-122.4336424,9.765,398681182,37.780313,-122.433638,2.475979,False
2022-05-07 21:56:18,37.7803356,-122.4336422,9.881,398681182,37.780313,-122.433638,2.495492,False
2022-05-07 21:56:19,37.7803356,-122.4336431,10.102,398681182,37.780313,-122.433638,2.50712,False
2022-05-07 21:56:20,37.7803338,-122.4336568,10.336,398681182,37.780311,-122.433652,2.50078,False
2022-05-07 21:56:21,37.7803287,-122.4336912,10.582,398681182,37.780307,-122.433686,2.421515,False
2022-05-07 21:56:22,37.7803226,-122.4337463,10.527,398681182,37.780299,-122.433741,2.536172,False
2022-05-07 21:56:23,37.780315,-122.4338189,10.674,398681182,37.78029,-122.433814,2.737087,True
2022-05-07 21:56:24,37.7803046,-122.4339088,10.927,398681182,37.780279,-122.433903,2.79532,False
2022-05-07 21:56:25,37.7802924,-122.4340074,11.2,398681182,37.780267,-122.434002,2.82988,True
2022-05-07 21:56:26,37.780279,-122.4341114,11.536,398681182,37.780253,-122.434106,2.808273,False
2022-05-07 21:56:27,37.7802654,-122.4342174,11.921,398681182,37.78024,-122.434212,2.792548,True
2022-05-07 21:56:28,37.780252,-122.4343247,12.253,398681182,37.780226,-122.434319,2.882335,False
2022-05-07 21:56:29,37.7802392,-122.4344339,12.388,398681182,37.780212,-122.434428,3.005721,True
2022-05-07 21:56:30,37.780224,-122.4345468,12.883,398681182,37.780197,-122.434541,2.918657,True
2022-05-07 21:56:31,37.7802088,-122.4346628,13.256,398681182,37.780183,-122.434657,2.874759,True
2022-05-07 21:56:32,37.7801923,-122.4347799,13.494,398681182,37.780168,-122.434774,2.704278,True
2022-05-07 21:56:33,37.7801777,-122.4348926,13.724,398681182,37.780153,-122.434887,2.679922,False
2022-05-07 21:56:34,37.780162,-122.435004,14.081,398681182,37.780139,-122.434999,2.517394,True
2022-05-07 21:56:35,37.780146,-122.4351231,14.513,398681182,37.780124,-122.435118,2.429339,True
2022-05-07 21:56:36,37.7801283,-122.4352507,14.877,398681182,37.780108,-122.435246,2.26249,True
2022-05-07 21:56:37,37.7801116,-122.4353877,15.164,398681182,37.78009,-122.435383,2.309424,True
2022-05-07 21:56:38,37.7800932,-122.4355358,15.272,398681182,37.780072,-122.435531,2.302684,True
2022-05-07 21:56:39,37.7800721,-122.4356943,15.606,398681182,37.780052,-122.43569,2.211913,True
2022-05-07 21:56:40,37.7800502,-122.435859,16.484,398681182,37.780031,-122.435855,2.12628,True
2022-05-07 21:56:41,37.780029,-122.4360277,17.546,398681182,37.780009,-122.436023,2.173014,True
2022-05-07 21:56:42,37.7800087,-122.4361894,18.582,398681182,37.779988,-122.436185,2.220029,True
2022-05-07 21:56:43,37.77999,-122.4363392,19.421,398681182,37.779969,-122.436335,2.269146,True
2022-05-07 21:56:44,37.7799727,-122.4364774,20.163,398681182,37.779952,-122.436473,2.306115,True
2022-05-07 21:56:45,37.779957,-122.4366037,20.647,398681182,37.779936,-122.436599,2.351944,True
2022-05-07 21:56:46,37.7799424,-122.436716,21.267,398681182,37.779921,-122.436711,2.322804,False
2022-05-07 21:56:47,37.7799308,-122.4368133,21.654,398681182,37.779909,-122.436808,2.412151,True
2022-05-07 21:56:48,37.7799198,-122.4368963,22.027,398681182,37.779898,-122.436891,2.367772,False
2022-05-07 21:56:49,37.7799099,-122.4369739,22.285,398681182,37.779888,-122.436969,2.368231,True
2022-05-07 21:56:50,37.7799003,-122.437054,22.512,398681182,37.779878,-122.437049,2.406329,False
2022-05-07 21:56:51,37.7798889,-122.4371433,22.664,398681182,37.779867,-122.437138,2.390484,True
2022-05-07 21:56:52,37.779877,-122.4372443,22.806,398681182,37.779854,-122.437239,2.502643,False
2022-05-07 21:56:53,37.7798622,-122.4373553,23.409,398681182,37.77984,-122.43735,2.428604,True
2022-05-07 21:56:54,37.779846,-122.437474,24.373,398681182,37.779825,-122.437469,2.308675,True
2022-05-07 21:56:55,37.7798299,-122.4375983,25.07,398681182,37.779809,-122.437594,2.277435,True
2022-05-07 21:56:56,37.7798138,-122.4377236,26.033,398681182,37.779793,-122.437719,2.260083,True
2022-05-07 21:56:57,37.7797986,-122.4378431,26.913,398681182,37.779778,-122.437838,2.260426,True
2022-05-07 21:56:58,37.7797856,-122.4379506,27.856,398681182,37.779764,-122.437946,2.333159,False
2022-05-07 21:56:59,37.7797717,-122.4380523,28.92,398681182,37.779751,-122.438048,2.224813,True
2022-05-07 21:57:00,37.7797596,-122.4381508,29.77,398681182,37.779739,-122.438146,2.268633,False
2022-05-07 21:57:01,37.7797477,-122.4382493,30.425,398681182,37.779726,-122.438245,2.334286,True
2022-05-07 21:57:02,37.7797367,-122.4383442,31.105,398681182,37.779714,-122.438339,2.448312,False
2022-05-07 21:57:03,37.7797271,-122.4384306,31.503,398681182,37.779703,-122.438425,2.597402,True
2022-05-07 21:57:04,37.7797164,-122.4385167,31.91,398681182,37.779692,-122.438511,2.62225,False
2022-05-07 21:57:05,37.7797096,-122.4386026,32.059,398681182,37.779682,-122.438597,3.070085,True
2022-05-07 21:57:06,37.7797004,-122.4386946,31.602,398681182,37.77967,-122.438688,3.396909,False
2022-05-07 21:57:07,37.7796931,-122.4387958,30.979,8921633,37.779657,-122.438789,3.929506,True
2022-05-07 21:57:08,37.7796846,-122.4389075,30.963,417106101,37.779644,-122.438899,4.488049,False
2022-05-07 21:57:09,37.779673,-122.4390258,31.939,417106101,37.77963,-122.439017,4.7682,True
2022-05-07 21:57:10,37.7796593,-122.4391466,33.127,417106101,37.779615,-122.439138,4.851499,True
2022-05-07 21:57:11,37.7796434,-122.4392714,34.735,417106092,37.7796,-122.439262,4.823339,True
2022-05-07 21:57:12,37.7796269,-122.4394006,36.171,417106092,37.779583,-122.439391,4.818337,True
2022-05-07 21:57:13,37.779609,-122.4395349,37.491,417106092,37.779566,-122.439526,4.731411,True
